4166560696,True,1539432277
4166461168,True,1539428596
4166451518,True,1539428302
4166451346,True,1539428203
4166428763,True,1539427512
4166351561,False,1539424166
4166337782,True,1539423607
4166329891,True,1539423326
4166233825,True,1539419427
4166225463,False,1539419020
4166223549,True,1539420472
4166218393,True,1539418707
4166163976,True,1539416472
4166110196,True,1539414187
4166088854,True,1539413962
4166080281,False,1539412697
4165985310,True,1539408036
4165968976,True,1539407230
4165816342,True,1539397845
4165759465,False,1539393539
4165717019,True,1539389238
4165683386,True,1539385974
4165646020,True,1539382580
4165631356,False,1539381363
4165598830,True,1539379072
4165508718,True,1539373440
4165443537,False,1539370045
4165440649,False,1539369901
4165396173,True,1539367768
4165392076,True,1539367628
4165365412,True,1539366350
4165310858,True,1539363925
4165227618,True,1539360454
4165223201,False,1539360282
4165209911,True,1539359754
4165192679,True,1539359064
4165177313,True,1539358423
4165133945,False,1539356545
4165117824,False,1539356030
4165075457,False,1539354677
4165073965,False,1539354629
4165073662,True,1539354620
4165060308,False,1539354199
4164969432,True,1539351370
4164950062,True,1539350712
4164932108,True,1539350124
4164917933,False,1539349659
4164914499,True,1539349548
4164904728,True,1539349216
4164902986,False,1539349157
4164818152,True,1539346195
4164808857,True,1539345877
4164798110,False,1539345397
4164722803,True,1539342335
4164691151,False,1539340791
4164632323,True,1539337961
4164606971,False,1539336438
4164587735,True,1539335727
4164538154,False,1539332792
4164511293,False,1539331208
4164464605,False,1539328550
4164427101,True,1539327524
4164408849,False,1539324778
4164351253,False,1539320848
4164174907,True,1539306671
4164131068,True,1539302191
4164092747,True,1539297912
4164058113,False,1539294621
4163993312,False,1539289379
4163946637,False,1539286307
4163944301,True,1539286358
4163927080,True,1539285192
4163893420,False,1539283721
4163891209,True,1539283200
4163879540,True,1539282522
4163873584,True,1539282210
4163867860,True,1539281918
4163845588,False,1539280801
4163844515,False,1539280792
4163809701,False,1539278997
4163784872,False,1539277831
4163773568,True,1539277294
4163772878,False,1539277330
4163771302,True,1539277168
4163721996,True,1539274940
4163706364,True,1539274344
4163696463,False,1539273943
4163677623,False,1539273065
4163630680,False,1539271209
4163608455,False,1539270387
4163599779,False,1539270067
4163503583,False,1539266747
4163465820,False,1539265363
4163462936,False,1539265292
4163381364,True,1539262384
4163378674,False,1539262287
4163297570,True,1539259356
4163285891,True,1539258943
4163267579,True,1539258099
4163241095,False,1539256928
4163201197,True,1539255036
4163200617,False,1539255166
4163145054,True,1539252115
4163143470,True,1539252030
4163137950,True,1539251729
4163068763,True,1539248196
4163065443,False,1539247638
4163058407,False,1539247212
4163002541,True,1539243908
4162986285,False,1539242812
4162950583,True,1539241198
4162921687,True,1539238472
4162859300,True,1539234005
4162727325,False,1539223135
4162687141,True,1539219402
4162686455,True,1539219269
4162648181,False,1539215132
4162642978,False,1539214637
4162637869,True,1539213936
4162585341,False,1539208713
4162555114,False,1539205796
4162530493,False,1539203863
4162495071,True,1539201416
4162474453,True,1539200102
4162467326,True,1539199812
4162435814,True,1539197811
4162428340,True,1539197538
4162417008,False,1539196762
4162396340,False,1539195676
4162379376,False,1539194768
4162371442,False,1539194398
4162318948,True,1539191731
4162314979,True,1539191544
4162306983,True,1539191222
4162220840,False,1539187541
4162203058,True,1539186521
4162187093,False,1539185862
4162115954,True,1539183115
4162106982,False,1539182787
4162106350,False,1539182789
4162101974,True,1539182597
4162067006,False,1539181362
4161988354,True,1539178623
4161975831,False,1539178210
4161959776,True,1539177615
4161937712,True,1539176837
4161851019,True,1539173646
4161845638,True,1539173391
4161842643,False,1539173233
4161758276,False,1539169534
4161740584,True,1539168997
4161722430,False,1539167784
4161715311,False,1539167392
4161674063,True,1539165334
4161654461,False,1539164153
4161617637,True,1539162360
4161575947,True,1539159509
4161572009,True,1539159274
4161555636,False,1539158277
4161551269,False,1539158010
4161518765,False,1539155920
4161514924,True,1539155701
4161507449,True,1539155174
4161497288,False,1539154834
4161448838,False,1539151165
4161440190,False,1539150549
4161407316,True,1539148178
4161399399,False,1539147589
4161359753,True,1539144595
4161271845,False,1539137352
4161180149,True,1539128086
4161135593,False,1539123971
4161101163,True,1539120546
4161053552,True,1539116847
4161003911,True,1539113566
4160974769,False,1539111894
4160965926,False,1539111403
4160948142,False,1539110709
4160947164,True,1539110388
4160939805,False,1539110002
4160915896,False,1539108788
4160909616,True,1539108474
4160903041,False,1539108195
4160897391,False,1539108032
4160896782,True,1539108009
4160861615,False,1539106436
4160841073,True,1539105151
4160823436,False,1539104367
4160814965,False,1539103960
4160772000,False,1539102078
4160746895,True,1539101109
4160729388,True,1539100303
4160713068,False,1539099638
4160626224,False,1539096424
4160622675,True,1539096300
4160577373,False,1539094729
4160495703,True,1539091976
4160493131,True,1539091973
4160457503,True,1539090739
4160443141,False,1539090210
4160352520,True,1539087016
4160345881,True,1539086876
4160281959,False,1539084534
4160260004,False,1539083346
4160199971,False,1539080484
4160177092,False,1539079371
4160166052,True,1539079125
4160135317,True,1539077263
4160085333,False,1539074788
4160032963,True,1539071740
4159989986,True,1539069092
4159964863,True,1539068350
4159923103,False,1539064882
4159865474,True,1539061125
4159636538,False,1539043061
4159592310,True,1539039416
4159555566,True,1539035895
4159546397,True,1539035094
4159491136,True,1539031161
4159487276,False,1539030757
4159446658,False,1539028483
4159422899,False,1539026762
4159422090,False,1539026716
4159417193,True,1539026440
4159401735,False,1539025577
4159390283,False,1539024957
4159387704,False,1539024822
4159372860,True,1539024043
4159356404,True,1539023211
4159337975,False,1539022337
4159332686,True,1539022074
4159330177,True,1539022008
4159330003,False,1539021911
4159329471,True,1539021884
4159328501,True,1539021878
4159271389,True,1539019168
4159268946,True,1539019057
4159262459,False,1539018770
4159239870,False,1539017767
4159221153,False,1539016979
4159170484,True,1539014959
4159166348,False,1539014831
4159150008,False,1539014010
4159069623,False,1539010993
4159051922,True,1539010373
4159034505,False,1539009769
4159023624,True,1539009430
4158998025,False,1539008526
4158972003,True,1539007731
4158961683,False,1539007408
4158919000,True,1539005885
4158917153,True,1539005875
4158909104,True,1539005607
4158898658,True,1539005204
4158800380,True,1539001834
4158750886,True,1539000017
4158728225,False,1538999205
4158672090,True,1538997297
4158653581,True,1538995967
4158627985,True,1538994776
4158622710,False,1538994804
4158561533,False,1538991572
4158559794,True,1538991411
4158538536,True,1538990818
4158525412,False,1538989926
4158508667,False,1538988746
4158470891,True,1538986725
4158469554,True,1538986806
4158460818,True,1538986180
4158410930,False,1538983408
4158392437,True,1538982370
4158383955,False,1538981937
4158341732,True,1538979333
4158320064,False,1538978018
4158275850,True,1538975282
4158272940,True,1538975035
4158207187,False,1538970529
4158079525,False,1538960761
4158042962,True,1538957366
4158037552,False,1538956814
4158009425,False,1538954013
4157994073,False,1538952534
4157941625,False,1538948346
4157911348,True,1538945593
4157902191,False,1538945002
4157862584,False,1538942392
4157817393,False,1538940023
4157816200,False,1538939712
4157751843,False,1538936401
4157748250,False,1538936233
4157743827,False,1538936018
4157653610,True,1538931912
4157640700,False,1538931353
4157530240,True,1538926905
4157520086,True,1538926499
4157386737,True,1538922007
4157266835,False,1538918275
4157256397,True,1538918598
4157252471,False,1538917911
4157143183,False,1538914377
4157126775,True,1538913906
4157124877,False,1538913789
4157102012,False,1538913114
4156983857,True,1538908879
4156957928,False,1538907961
4156952839,True,1538907862
4156943841,False,1538908477
4156915833,True,1538906457
4156823337,False,1538903978
4156815487,True,1538902703
4156716299,True,1538899565
4156711629,False,1538899047
4156586991,True,1538894392
4156461430,False,1538889302
4155877471,True,1538853246
4155855287,True,1538852226
4155832998,False,1538851264
4155818590,False,1538850636
4155793947,False,1538849617
4155770234,True,1538848871
4155724377,True,1538847030
4155662549,True,1538844796
4155622759,True,1538843430
4155566278,False,1538841503
4155533596,True,1538840492
4155487382,False,1538838937
4155464974,False,1538838219
4155402042,True,1538836500
4155376335,False,1538835487
4155341738,False,1538834430
4155329397,True,1538834044
4155279376,True,1538832521
4155267130,True,1538832170
4155244657,True,1538831453
4155218598,True,1538830764
4155216368,False,1538830678
4155165022,True,1538829872
4155143880,False,1538828138
4155141393,True,1538828073
4155133771,False,1538827792
4155129398,False,1538827675
4155126741,True,1538827580
4155118262,False,1538827379
4155091252,False,1538826349
4155083070,True,1538826310
4155006139,True,1538823326
4154969935,True,1538821719
4154964668,True,1538821504
4154878794,True,1538817949
4154833941,True,1538817258
4154773131,False,1538813566
4154690166,True,1538810118
4154600271,True,1538805935
4154530162,False,1538802406
4154291903,False,1538786291
4154254114,False,1538782663
4154062128,True,1538768805
4154012261,True,1538766280
4154003867,False,1538765831
4153957137,True,1538763676
4153942484,True,1538762997
4153883035,False,1538760438
4153816297,False,1538757909
4153772319,False,1538756291
4153759477,True,1538755689
4153695202,False,1538753843
4153693858,False,1538753296
4153689418,False,1538753142
4153686308,False,1538753034
4153681396,True,1538752866
4153661486,True,1538752181
4153655815,False,1538751990
4153632958,True,1538751215
4153630040,False,1538751118
4153578163,True,1538749381
4153571745,False,1538749168
4153566520,True,1538748995
4153563499,True,1538749419
4153560828,False,1538748809
4153552618,True,1538748587
4153546231,True,1538748381
4153541434,True,1538748173
4153486617,False,1538746368
4153462200,False,1538745527
4153457727,True,1538745377
4153449285,True,1538745097
4153447201,True,1538745024
4153426625,False,1538744317
4153348391,False,1538741538
4153336521,False,1538741101
4153313065,False,1538740263
4153300893,True,1538739740
4153298457,False,1538740662
4153215926,False,1538736140
4153214297,False,1538736068
4153176605,True,1538735284
4153142146,True,1538732684
4153137861,True,1538732504
4153126975,True,1538731958
4153061457,True,1538728879
4153060747,False,1538728844
4153054156,True,1538729726
4152995404,True,1538725776
4152994530,False,1538726468
4152961039,False,1538724160
4152950355,True,1538723640
4152930804,False,1538722871
4152905998,True,1538721470
4152808620,True,1538716295
4152710778,True,1538709653
4152599103,False,1538701033
4152556997,True,1538696792
4152328554,True,1538679198
4152290396,True,1538677225
4152271178,False,1538676288
4152189256,False,1538672673
4152007996,True,1538665695
4151980234,True,1538664688
4151828769,True,1538659612
4151785306,True,1538658249
4151723113,False,1538655976
4151616596,True,1538651738
4151539616,True,1538648264
4151518699,False,1538647369
4151438152,True,1538643422
4151400622,False,1538641897
4151368188,True,1538640124
4151355230,True,1538639503
4151308610,False,1538637296
4151304533,True,1538637032
4151238744,True,1538633665
4151230122,False,1538633217
4151229854,False,1538633299
4151162642,True,1538629426
4151159615,False,1538629449
4151097974,False,1538625347
4151011521,True,1538620176
4150570941,False,1538587297
4150546740,True,1538586232
4150493918,False,1538583996
4150469128,False,1538583040
4150456861,False,1538582571
4150386703,True,1538579932
4150240933,False,1538574915
4150238242,True,1538574823
4150143951,True,1538571608
4150112622,False,1538570498
4150096848,False,1538570047
4150072865,False,1538569081
4150029337,False,1538567323
4149995489,False,1538566010
4149992940,True,1538565804
4149990975,True,1538565720
4149959279,True,1538564378
4149931846,False,1538563048
4149912758,True,1538562133
4149888034,True,1538561287
4149809971,False,1538557370
4149794878,False,1538556524
4149726614,True,1538553335
4149726353,False,1538553247
4149708982,False,1538552510
4149649334,True,1538550101
4149640979,False,1538549046
4149616700,False,1538547797
4149551156,False,1538544080
4149510661,False,1538541219
4149397340,True,1538534007
4149173622,False,1538510265
4149123786,True,1538507274
4149069888,False,1538504397
4149012494,False,1538501651
4148979839,False,1538500155
4148946038,True,1538498742
4148878278,False,1538496265
4148665100,True,1538488385
4148632806,True,1538487284
4148623114,True,1538486963
4148592604,False,1538485923
4148568859,True,1538485083
4148540536,False,1538484077
4148523391,False,1538483453
4148500274,False,1538482612
4148475905,True,1538481656
4148463188,True,1538481674
4148440274,True,1538480208
4148401383,True,1538478512
4148388239,True,1538478027
4148376503,False,1538477383
4148295845,True,1538473575
4148203400,False,1538469109
4148191102,False,1538468520
4148122844,False,1538465200
4148116254,True,1538464911
4148068319,True,1538462426
4148038122,False,1538461232
4148035826,True,1538460725
4148005858,True,1538459081
4148001177,True,1538458809
4147975855,False,1538457325
4147950958,True,1538455781
4147920182,True,1538453749
4147897013,False,1538452148
4147841011,True,1538448779
4147570385,False,1538424337
4147522124,True,1538421450
4147520382,False,1538421354
4147508851,True,1538420757
4147499782,True,1538420232
4147496685,False,1538420066
4147441091,True,1538417313
4147435372,True,1538417061
4147429858,False,1538416860
4147419661,True,1538416702
4147398293,False,1538415331
4147360844,False,1538413642
4147329006,False,1538412312
4147315955,False,1538411760
4147286154,False,1538410550
4147263431,True,1538409780
4147251819,False,1538409208
4147212079,False,1538407827
4147175807,False,1538406453
4147166485,False,1538406128
4147166427,True,1538406127
4147165457,False,1538406093
4147153505,True,1538405681
4147136183,False,1538405351
4147097847,True,1538404856
4147090396,False,1538403620
4147061285,True,1538402735
4147056503,True,1538402756
4147048524,False,1538402147
4147037430,True,1538401783
4147031306,True,1538402199
4147030424,False,1538401551
4147018559,True,1538401211
4146978010,True,1538399795
4146954345,True,1538399070
4146937429,False,1538398393
4146930498,False,1538398149
4146919951,True,1538397824
4146902025,True,1538397205
4146880735,True,1538396491
4146878368,False,1538396291
4146807641,True,1538394842
4146798976,True,1538393154
4146787382,False,1538392653
4146777229,False,1538392386
4146773606,False,1538392048
4146768801,False,1538391949
4146752898,True,1538391105
4146716797,True,1538389467
4146708884,False,1538389049
4146642261,False,1538385980
4146616753,True,1538384707
4146605414,False,1538384187
4146596892,False,1538383799
4146531629,True,1538380986
4146522711,False,1538380375
4146502380,True,1538379426
4146492266,False,1538379019
4146428146,True,1538376087
4146417327,True,1538375318
4146404834,True,1538374605
4146396295,True,1538374291
4146387483,False,1538373731
4146323044,True,1538370149
4146318739,False,1538370119
4146302505,True,1538369036
4146302208,False,1538368890
4146227391,True,1538364009
4146226499,False,1538363869
4146219158,False,1538363535
4146208158,True,1538362894
4146140967,False,1538358101
4146140388,True,1538358010
4146094787,True,1538354390
4146092369,True,1538354199
4146052341,False,1538350353
4146043177,True,1538349498
4146013617,True,1538346677
4145986440,True,1538344733
4145961878,True,1538342363
4145948562,True,1538341432
4145915632,False,1538339492
4145909975,False,1538338906
4145884579,True,1538337360
4145830707,True,1538334597
4145826614,True,1538334338
4145813470,True,1538333671
4145810982,True,1538333944
4145705949,False,1538328997
4145701185,True,1538328789
4145699174,False,1538328688
4145624496,True,1538325797
4145623465,True,1538325757
4145611371,False,1538325337
4145558195,False,1538323496
4145501512,True,1538321675
4145484050,False,1538322670
4145430169,True,1538319302
4145385527,True,1538317968
4145379081,True,1538317788
4145361462,True,1538317411
4145277374,False,1538314731
4145223932,False,1538313132
4145207702,True,1538312738
4145199938,True,1538312405
4145146480,True,1538310756
4145141123,True,1538310587
4145078480,False,1538308677
4145032410,False,1538307000
4145012251,False,1538306526
4145006146,False,1538306075
4144912599,False,1538302567
4144886761,True,1538301708
4144831910,False,1538299522
4144751104,True,1538296581
4144718187,True,1538295109
4144688801,False,1538293936
4144671724,True,1538293241
4144664017,True,1538293098
4144618018,False,1538291061
4144602105,True,1538290739
4144572240,True,1538288971
4144571954,True,1538288957
4144556065,False,1538288243
4144479179,True,1538284917
4144460142,True,1538283725
4144381995,False,1538279249
4144288518,False,1538273440
4144209683,True,1538267481
4144159966,False,1538263025
4144159705,True,1538263003
4144123337,True,1538260104
4144113194,False,1538259329
4144109628,False,1538259090
4144074021,True,1538256599
4144067469,True,1538256202
4143996536,True,1538252139
4143992090,False,1538251907
4143986257,True,1538252085
4143984224,False,1538251516
4143918038,False,1538248389
4143913364,False,1538248117
4143908261,False,1538247961
4143846561,True,1538245161
4143811058,True,1538244002
4143766304,True,1538242226
4143713278,True,1538240068
4143710777,True,1538239975
4143707842,False,1538239865
4143684422,False,1538239041
4143666320,False,1538238375
4143604809,True,1538236403
4143584751,False,1538235651
4143508954,True,1538233249
4143499030,False,1538233023
4143464116,True,1538231897
4143414505,False,1538230425
4143386036,False,1538229583
4143343974,False,1538228506
4143327866,False,1538228277
4143277545,True,1538226424
4143273010,True,1538226258
4143269016,True,1538226196
4143184739,False,1538223529
4143110232,True,1538220936
4143091153,True,1538220240
4143079280,True,1538219798
4143046552,False,1538218614
4143020606,False,1538217580
4142964003,False,1538215877
4142950136,True,1538215242
4142938018,True,1538214617
4142936339,True,1538214112
4142806439,False,1538208614
4142804218,False,1538208714
4142798387,False,1538208268
4142720415,True,1538204811
4142708926,True,1538204481
4142325364,False,1538180703
4142313471,True,1538179707
4142274868,False,1538176000
4142269903,False,1538175586
4142219648,True,1538171392
4142196057,True,1538169639
4142189298,False,1538169217
4142145732,False,1538166384
4142120201,True,1538165005
4142115072,True,1538164632
4142066978,True,1538162160
4142056489,False,1538161562
4142043904,False,1538161341
4141989039,True,1538158360
4141979207,True,1538157891
4141868345,True,1538153153
4141862808,False,1538152932
4141785813,False,1538150020
4141781674,True,1538149871
4141707040,True,1538147332
4141690556,False,1538146817
4141673383,True,1538146198
4141662974,True,1538145928
4141483599,False,1538140108
4141483069,False,1538140171
4141456602,True,1538139215
4141382948,True,1538136762
4141363015,False,1538135900
4141282875,False,1538132567
4141258845,True,1538131464
4141152184,False,1538126134
4140406779,False,1538073017
4138539349,True,1537974052
4138470159,False,1537971654
4137672177,True,1537931702
4137624687,False,1537928127
4137567270,True,1537923314
4137520941,False,1537918692
4137476909,False,1537914044
4137439682,True,1537910628
4137403002,True,1537907755
4137273786,True,1537899978
4137126614,True,1537893003
4136945756,True,1537886102
4136919260,False,1537885219
4136408667,True,1537863896
4130264988,False,1537572801
4130230422,False,1537569756
4130166428,True,1537564822
4130121291,True,1537561989
4130022794,False,1537556763
4129937734,True,1537552863
4129849606,False,1537549357
4129671589,False,1537543242
4129555588,False,1537539836
4129377269,True,1537534534
4129260117,True,1537530696
4129149098,True,1537526120
4129143698,False,1537525960
4129091851,False,1537523490
4129044657,False,1537521220
4128994299,True,1537518775
4128961314,False,1537517179
4128895584,True,1537513715
4128810788,True,1537509038
4128725860,False,1537504002
4128665049,True,1537499594
4128607771,True,1537495395
4128576941,False,1537492958
4128518296,True,1537487530
4128470053,False,1537482589
4128469599,True,1537482546
4128425896,False,1537478716
4128403751,False,1537476963
4128365840,True,1537474309
4128329364,False,1537472079
4128312115,True,1537471053
4128311042,True,1537471012
4128274435,True,1537468933
4128255622,True,1537467957
4128238521,True,1537467109
4128234098,True,1537466894
4128167158,True,1537463685
4128157857,False,1537463295
4128152318,True,1537463090
4128151899,True,1537463036
4128058927,False,1537459099
4127972759,True,1537456037
4127768032,False,1537449322
4127753068,False,1537448762
4127637673,False,1537444681
4127611666,True,1537443725
4127611187,True,1537443694
4127531266,True,1537440228
4127514993,True,1537439411
4127509931,True,1537439169
4127440952,False,1537435569
4127424284,True,1537434592
4127424261,False,1537434612
4127419801,True,1537434338
4127418705,True,1537434237
4127364625,True,1537430766
4127360105,True,1537430650
4127359641,True,1537430499
4127356175,False,1537430551
4127339626,False,1537429359
4127318367,False,1537428099
4127277376,False,1537425681
4127248183,False,1537424008
4127241984,True,1537423524
4127164607,True,1537418599
4127146676,False,1537417391
4127127898,True,1537415996
4127109292,True,1537414627
4127101579,True,1537414051
4127082889,True,1537412654
4127078582,False,1537412332
4127062419,False,1537411187
4127058874,False,1537410848
4127037375,True,1537409177
4127035985,False,1537409067
4127035387,False,1537409019
4127032670,True,1537409005
4127007116,True,1537406674
4126994214,True,1537405584
4126952872,True,1537401471
4126944126,True,1537400539
4126904016,True,1537396260
4126902129,True,1537395995
4126838396,True,1537390368
4126831775,True,1537389865
4126782020,False,1537386388
4126775565,True,1537386052
4126760117,True,1537385342
4126692237,True,1537381520
4126688466,False,1537381282
4126674003,True,1537380535
4126663494,True,1537379990
4126658155,False,1537379726
4126645476,True,1537379120
4126601732,True,1537376988
4126592310,False,1537376592
4126591863,False,1537376681
4126591337,True,1537376586
4126590059,False,1537376507
4126570281,True,1537375623
4126518127,True,1537373437
4126445063,False,1537370601
4126407519,True,1537369272
4126378632,True,1537368309
4126341634,False,1537367105
4126277903,True,1537364967
4126247380,False,1537363979
4126168984,False,1537361362
4126165174,True,1537361250
4126161645,True,1537361136
4126121066,False,1537359905
4126079361,False,1537358064
4126075780,True,1537357924
4126075674,True,1537357974
4125993223,False,1537354416
4125983337,True,1537354022
4125980682,True,1537353840
4125961121,False,1537352903
4125908537,True,1537350264
4125877135,False,1537348642
4125865178,False,1537348020
4125862987,False,1537347958
4125858705,True,1537347680
4125840415,True,1537346787
4125821706,True,1537345781
4125794906,True,1537344259
4125793617,False,1537344189
4125791326,False,1537344105
4125791133,True,1537344039
4125773130,False,1537343017
4125755889,False,1537341999
4125675278,False,1537337032
4125670424,True,1537336726
4125625917,True,1537333964
4125606585,False,1537332505
4125561174,False,1537329354
4125531127,False,1537326956
4125529580,True,1537326839
4125526828,False,1537326641
4125519181,True,1537326103
4125475228,False,1537322660
4125474618,True,1537322680
4125470507,False,1537322381
4125408235,False,1537316503
4125361812,False,1537311775
4125236683,True,1537300997
4125170897,False,1537297044
4125138171,True,1537295216
4125087160,True,1537292822
4125025123,False,1537289679
4124943020,False,1537286246
4124867462,True,1537283414
4124692990,True,1537277952
4124592132,False,1537274294
4124591856,True,1537274285
4124479183,False,1537269938
4124435014,True,1537268012
4124392449,False,1537266025
4124362294,True,1537264651
4124258165,True,1537259136
4124182422,False,1537254898
4124098418,False,1537249793
4124027214,False,1537245033
4123968185,True,1537240660
4123911989,False,1537236324
4123785311,True,1537224266
4123744812,False,1537220624
4123661540,False,1537214726
4123636565,False,1537213144
4123610203,True,1537211653
4123575301,True,1537209940
4123564772,True,1537209208
4123499392,False,1537205937
4123491116,False,1537205657
4123474171,True,1537204759
4123470163,False,1537204572
4123448244,False,1537203569
4123397950,True,1537201404
4123365827,True,1537200220
4123364617,True,1537200122
4123362981,False,1537200010
4123255709,False,1537196232
4123186912,True,1537193905
4123150306,False,1537192613
4123055088,True,1537189569
4123000961,False,1537187840
4122954580,True,1537186375
4122859930,False,1537182296
4122842404,True,1537181533
4122839093,False,1537181396
4122768911,True,1537178216
4122760860,True,1537177692
4122752676,True,1537177390
4122693629,False,1537174379
4122690009,True,1537174168
4122628266,False,1537170998
4122627785,False,1537170943
4122590368,False,1537168836
4122573475,False,1537167936
4122570453,False,1537167751
4122513262,False,1537164288
4122507615,True,1537163929
4122453163,True,1537160443
4122449350,True,1537160188
4122404850,True,1537157088
4122372951,True,1537154708
4122352959,True,1537153209
4122306892,True,1537149667
4122306160,False,1537149611
4121538675,True,1537107470
4120418392,False,1537066708
4089382003,True,1535593412
4080856812,False,1535249730
4080778303,False,1535243738
4080723031,False,1535239468
4080666526,True,1535235390
4080601137,True,1535231302
4080420268,True,1535223496
4080316101,False,1535219083
4078566725,True,1535163554
4078478649,True,1535157660
4078412913,True,1535152122
4078363316,False,1535148299
4078291886,False,1535143603
4078180258,False,1535137622
4078079157,False,1535132746
4076485641,True,1535075729
4076431752,False,1535071847
4076314248,True,1535061995
4076257095,True,1535058023
4076188379,True,1535053843
4076114893,False,1535049678
4076043995,True,1535046106
4074821374,False,1535002214
4074748928,False,1534997864
4074694505,False,1534994296
4074639753,False,1534990401
4074591870,False,1534986664
4074486307,False,1534977517
4074440208,True,1534973895
4074356696,False,1534968491
4074255285,True,1534963179
4074178274,False,1534959427
4072772695,True,1534907661
4072699199,True,1534902846
4072635180,False,1534898196
4072586507,True,1534894099
4072509593,False,1534887572
4072441405,True,1534883048
4072354014,True,1534878322
4072252473,False,1534873367
4070838238,False,1534821698
4070746269,True,1534815802
4070674710,True,1534810174
4070612749,True,1534804707
4070556816,True,1534800190
4070500759,True,1534796227
4070423361,True,1534791992
4070356125,True,1534788520
4067049273,True,1534639865
4067035268,True,1534638635
4066995932,False,1534635092
4066988194,True,1534634443
4066926568,False,1534629645
4066909869,False,1534628468
4066891674,False,1534627241
4066891298,False,1534627216
4066838505,False,1534623961
4066831697,False,1534623609
4066823822,True,1534623166
4066822873,False,1534623114
4066775838,False,1534620518
4066760701,False,1534619764
4066759760,False,1534619714
4066751467,True,1534619298
4066704198,True,1534616892
4066688247,True,1534616084
4066670110,True,1534615320
4066666471,True,1534615210
4066615144,False,1534612755
4066608591,True,1534612459
4066598139,True,1534612039
4066597494,True,1534612014
4066517897,False,1534608693
4066505440,True,1534608236
4066499349,True,1534608023
4066499119,False,1534608015
4065281130,False,1534559540
4065268827,True,1534558595
4065260154,True,1534557920
4065251250,False,1534557249
4065229720,True,1534555358
4065211218,True,1534553668
4065211201,False,1534553665
4065192690,False,1534551933
4065178894,True,1534550539
4065175507,True,1534550202
4065164937,False,1534549542
4065140946,False,1534547248
4065129977,False,1534546287
4065128649,True,1534546172
4065124105,True,1534545786
4065095713,False,1534543416
4065084843,True,1534542598
4065083072,False,1534542458
4065077879,True,1534542074
4065042825,False,1534539598
4065017593,True,1534537990
4065016209,True,1534537901
4064996401,False,1534536701
4064993264,True,1534536505
4064970428,True,1534535194
4064949771,False,1534533959
4064939549,True,1534533366
4064938488,False,1534533308
4064872015,False,1534529601
4064867263,True,1534529350
4064854156,False,1534528651
4064851344,False,1534528507
4064812973,True,1534526550
4064796732,True,1534525730
4064786780,False,1534525235
4064786062,True,1534525204
4064721264,True,1534522238
4064708096,True,1534521671
4064706284,True,1534521602
4064706272,False,1534521601
4063667075,False,1534474155
4063653342,True,1534473009
4063646692,False,1534472456
4063643412,True,1534472168
4063619584,False,1534470027
4063611898,True,1534469308
4063601628,True,1534468341
4063600107,True,1534468195
4063572817,True,1534465378
4063571098,True,1534465199
4063563567,True,1534464449
4063558826,True,1534463941
4063532336,False,1534461605
4063527110,True,1534461096
4063521022,True,1534460513
4063518923,True,1534460330
4063490254,True,1534457706
4063481435,True,1534456920
4063477071,False,1534456550
4063465788,True,1534455656
4063439681,True,1534453626
4063430773,True,1534452960
4063413580,False,1534451741
4063402142,True,1534450966
4063378608,False,1534449383
4063369023,True,1534448756
4063359785,False,1534448173
4063350513,True,1534447604
4063299885,True,1534444446
4063289036,False,1534443815
4063286002,False,1534443639
4063266100,False,1534442504
4063225719,True,1534440194
4063222284,True,1534439989
4063220819,True,1534439904
4063202564,True,1534438883
4063131437,False,1534435206
4063131418,False,1534435205
4063131371,True,1534435203
4063131353,False,1534435202
4062183675,True,1534391245
4062151757,True,1534388334
4062143387,True,1534387623
4062142571,True,1534387537
4062142402,True,1534387520
4062103539,False,1534383736
4062099038,False,1534383307
4062098446,False,1534383257
4062098361,True,1534383249
4062062147,True,1534379496
4062061780,False,1534379457
4062047269,False,1534377847
4062045592,True,1534377651
4062034566,True,1534376395
4062017242,True,1534374439
4062016236,False,1534374334
4062010988,True,1534373794
4061984521,False,1534371166
4061977166,True,1534370460
4061971770,False,1534369970
4061952570,False,1534368328
4061924528,False,1534366122
4061922574,False,1534365980
4061921764,False,1534365921
4061903681,False,1534364673
4061880066,True,1534362983
4061867364,False,1534362095
4061858332,True,1534361512
4061848287,False,1534360836
4061815647,False,1534358653
4061804100,True,1534357894
4061802430,False,1534357787
4061766981,True,1534355588
4061745637,True,1534354206
4061742840,True,1534354028
4061721528,True,1534352908
4061694810,False,1534351207
4061671194,False,1534349467
4061662358,True,1534349027
4061660411,False,1534348935
4054937465,True,1534005891
4054859057,True,1534003039
4054755326,True,1533999786
4054089081,False,1533976227
4052670777,True,1533906586
4052560600,False,1533902924
4051529642,True,1533838956
4051451022,True,1533835151
4051389248,True,1533832433
4051250680,False,1533827329
4051129270,False,1533823507
4049880472,True,1533756428
4049797751,False,1533752163
4049721076,False,1533748795
4049647881,True,1533745621
4049559706,True,1533742264
4049395130,False,1533737029
4048824472,True,1533715886
4048747731,False,1533711988
4048074679,False,1533666740
4047993318,True,1533662999
4047874825,True,1533658151
4047799710,True,1533655479
4047646056,True,1533650581
4047066558,False,1533628689
4047001125,True,1533625376
4046436278,True,1533585497
4046363668,True,1533581522
4046268255,False,1533576900
4046156724,True,1533572041
4046027617,True,1533567464
4045922567,True,1533564166
4045595033,True,1533553717
4045512664,False,1533550234
4045335348,False,1533542151
4045270587,False,1533538870
4044692628,True,1533498205
4044601180,False,1533493566
4044483001,False,1533488393
4044399994,True,1533485155
4044304191,False,1533481659
4044185945,False,1533478159
4042678020,False,1533412050
4042592522,True,1533408003
4042507938,True,1533404488
4042395760,True,1533400282
4042242363,True,1533395513
4042058174,False,1533391207
4040524137,True,1533319845
4040436188,False,1533316099
4040340304,True,1533312681
4040227700,True,1533309118
4040089168,True,1533305129
4039831369,True,1533297716
4039738161,False,1533294688
4039642719,False,1533290918
4039494832,False,1533284731
4039394744,False,1533280013
4038676505,False,1533232639
4038591692,False,1533228788
4038514208,False,1533225717
4038483018,True,1533224705
4038375851,False,1533221376
4038185576,False,1533215854
4038169047,True,1533215258
4038032864,False,1533210944
4037922831,False,1533206913
4037802737,False,1533201862
4037692124,False,1533196904
4037623040,True,1533193497
4036951917,True,1533148139
4036849383,False,1533143067
4036638834,False,1533135393
4036524736,True,1533132005
4036247449,False,1533123152
4036143593,True,1533119092
4036043685,False,1533114747
4035883604,True,1533107512
4035219034,False,1533061682
4035155715,True,1533058720
4035071391,True,1533055066
4035001409,True,1533052408
4034934499,True,1533050288
4034805012,True,1533046074
4034202130,True,1533023657
4034145658,True,1533020861
4033515238,False,1532977792
4033430059,True,1532973617
4033291711,False,1532967693
4033195331,True,1532964185
4033083743,False,1532960651
4032924855,True,1532956022
4032796870,True,1532952020
4032654361,False,1532946585
4032580442,True,1532943466
4032436703,False,1532936907
4032382256,True,1532934098
4031284664,True,1532873108
4031166377,False,1532869701
4030639711,False,1532852445
4030506725,True,1532847862
4029333232,False,1532790750
4029187764,True,1532786634
4029082992,True,1532783404
4028787682,False,1532773714
4028702760,True,1532770584
4028588388,True,1532766280
4028462069,False,1532761441
4027210955,False,1532701691
4027060363,True,1532696856
4026839089,True,1532689031
4026736066,False,1532684615
4026619748,False,1532679320
4026555401,True,1532676281
4025821782,False,1532627358
4025701630,True,1532622129
4025610454,False,1532618552
4025558717,True,1532616753
4025470497,False,1532613890
4025435792,True,1532612822
4025362280,False,1532610532
4025358884,True,1532610357
4025117061,False,1532601633
4025034777,False,1532597796
4024919252,True,1532592189
4024849121,False,1532588425
4023812746,False,1532526987
4023710470,False,1532523633
4023535238,True,1532516928
4023425642,False,1532511925
4023313430,False,1532506451
4023234238,True,1532502130
4022478746,True,1532450410
4022365639,True,1532446002
4020936244,False,1532367559
4020825624,False,1532362567
4020725200,False,1532358660
4019168720,False,1532275182
4019069933,True,1532271666
4018738624,False,1532260567
4018628587,False,1532256585
4018494438,True,1532251493
4018394848,True,1532247677
4017447795,False,1532194875
4017349135,True,1532191178
4017180468,True,1532185415
4017053183,False,1532181233
4016911864,True,1532176563
4016729604,False,1532169839
4016649612,False,1532166569
4016536534,False,1532162429
4015862006,True,1532119923
4015790416,True,1532115971
4015701473,True,1532111423
4015502919,True,1532102948
4015402448,False,1532099322
4012608919,False,1531945729
4012533935,True,1531941570
4012481111,False,1531938687
4012379683,True,1531933891
4012311736,False,1531930857
4012203522,True,1531926640
4010948768,True,1531856330
4010867679,False,1531852199
4010643926,True,1531842370
4010571273,True,1531839797
4009325954,True,1531770746
4009248895,True,1531766514
4009058278,True,1531756925
4008953747,False,1531753218
4007703883,True,1531682779
4007638710,False,1531679388
4007260367,False,1531662723
4007164082,False,1531659557
4007050823,True,1531655999
4006429424,True,1531631221
4006353849,True,1531627156
4005885306,True,1531597526
4005833519,False,1531594871
4004046420,False,1531510400
4003978053,False,1531506830
4003744540,True,1531496984
4003657958,True,1531493974
4002400782,False,1531423955
4002339865,True,1531420614
4002145455,True,1531411630
4002050075,True,1531407879
4000538208,False,1531324574
4000454790,False,1531321543
3999201727,True,1531254227
3999170953,False,1531252267
3999140651,True,1531250307
3999104139,True,1531248227
3999087077,True,1531247188
3999003790,True,1531243055
3998952076,False,1531240749
3998897141,True,1531238597
3998878020,True,1531237827
3998793796,False,1531234831
3998672773,False,1531230719
3998482464,True,1531224205
3997511671,True,1531163899
3997456801,False,1531161145
3997392371,False,1531157897
3997277101,False,1531152637
3997260056,True,1531152045
3997179884,True,1531148908
3997139769,True,1531147571
3996994359,True,1531142516
3996855176,False,1531138019
3995789085,False,1531073595
3995710363,True,1531070130
3995620207,True,1531066324
3995509337,True,1531062319
3995327439,True,1531056292
3995186500,True,1531051759
3993995989,False,1530991205
3993919863,True,1530987274
3993809789,False,1530982563
3993721704,False,1530979401
3993624777,False,1530976066
3992148233,True,1530905625
3992052632,False,1530900744
3991902394,True,1530894393
3991761839,False,1530889308
3990376511,True,1530815461
3990313897,True,1530812677
3990178856,True,1530806876
3990099363,True,1530803867
3989888060,False,1530796874
3989754925,True,1530792214
3989503809,False,1530781077
3989458631,False,1530778881
3989380250,False,1530774814
3989313558,True,1530771000
3988738002,False,1530731984
3988642448,True,1530727523
3988532657,False,1530722709
3988454196,False,1530719654
3988359156,False,1530716442
3988166715,True,1530710171
3988121617,False,1530708577
3988046333,False,1530706053
3988000728,True,1530704223
3987832217,True,1530696971
3987754649,False,1530693278
3987125391,False,1530650456
3987055543,False,1530646283
3986953827,False,1530641061
3986808819,False,1530634763
3986737263,False,1530632047
3986428978,True,1530621477
3986329317,False,1530617871
3986048723,True,1530605243
3985974369,False,1530601291
3985915438,False,1530597776
3985484900,False,1530564102
3985420785,False,1530560372
3985347818,True,1530556344
3985276731,True,1530552910
3985183442,False,1530548769
3985055564,True,1530543610
3984899274,False,1530538038
3984893919,False,1530537828
3984794183,False,1530534496
3984741758,True,1530532859
3984702303,False,1530531143
3983737782,False,1530471907
3983657558,True,1530468013
3983519293,False,1530461826
3983421015,False,1530457732
3983323722,True,1530454240
3983242235,True,1530451621
3983041940,True,1530445322
3982914286,True,1530440847
3982782338,True,1530436096
3982687760,True,1530432782
3982680401,True,1530432427
3982597345,False,1530429392
3982411748,True,1530421556
3982324042,False,1530417266
3981901697,True,1530389040
3981835685,True,1530385494
3981742278,True,1530381414
3981630152,True,1530377198
3981626536,True,1530376983
3981456050,False,1530371112
3981370008,False,1530368151
3981231091,True,1530363796
3981190028,True,1530362505
3981168841,False,1530361821
3981106858,True,1530359843
3981106180,False,1530359982
3981041899,True,1530357638
3981006929,False,1530356374
3980918545,False,1530353052
3980914641,True,1530352939
3980891323,False,1530351992
3980830417,True,1530349712
3980796161,True,1530348414
3980715502,True,1530345364
3979824996,True,1530295066
3979786666,False,1530293326
3979702213,True,1530290136
3979665820,False,1530288799
3979547233,False,1530285056
3979544791,True,1530284902
3979399789,True,1530280697
3979348704,False,1530278931
3979298911,True,1530277365
3979284710,False,1530276907
3979204421,True,1530274224
3979191306,False,1530273850
3979184158,True,1530273678
3979091709,False,1530270005
3979088912,False,1530270012
3979008981,True,1530266574
3978921773,False,1530262719
3978847405,False,1530259353
3977608953,False,1530192550
3977518408,False,1530189696
3977404072,True,1530185725
3977316906,False,1530182292
3977217343,True,1530178007
3977105010,True,1530172900
3975833709,False,1530103450
3975706796,True,1530098788
3975545459,True,1530092178
3975464312,False,1530088369
3975366251,True,1530083866
3975279919,False,1530078692
3975221092,True,1530075627
3974051389,False,1530014931
3973938057,False,1530010497
3973840309,True,1530006218
3973778298,True,1530003383
3973688930,False,1529999221
3973629058,True,1529996036
3973564701,False,1529992351
3973516349,True,1529989308
3973246064,False,1529966930
3973211743,True,1529964092
3973127831,False,1529958425
3973105146,True,1529957172
3973036021,True,1529953241
3973023989,True,1529952645
3972937677,True,1529948611
3972835248,False,1529944165
3972633082,True,1529936824
3972522707,False,1529933029
3972375830,False,1529928068
3972154535,False,1529919199
3972055233,False,1529914607
3971976818,True,1529910464
3971903975,True,1529906231
3971856001,True,1529903219
3971798245,True,1529899378
3971717222,False,1529893340
3971673262,True,1529889763
3971583578,False,1529881744
3971552773,True,1529879263
3971470160,True,1529873757
3971411606,True,1529870475
3971338283,True,1529866808
3971335899,True,1529866667
3971263389,True,1529863267
3971176821,False,1529859618
3971089692,True,1529856106
3970990054,True,1529852645
3970884805,True,1529849402
3970792027,False,1529846686
3970663686,False,1529842763
3970652502,False,1529842369
3970514314,False,1529837731
3970454002,True,1529835584
3970420652,True,1529834456
3970333065,True,1529831195
3970279887,False,1529829494
3970112306,False,1529823334
3970041014,True,1529820472
3969955414,False,1529816798
3969876442,False,1529812884
3969775882,False,1529807247
3969720897,True,1529803736
3969656979,True,1529798751
3969654858,False,1529798571
3969620539,True,1529795935
3969605634,True,1529794623
3969599769,True,1529794167
3969557308,True,1529791250
3969556326,False,1529791175
3969510492,True,1529788381
3969496101,False,1529787593
3969431394,False,1529784222
3969427809,False,1529784110
3969382823,False,1529781707
3969357638,True,1529780601
3969305067,True,1529778053
3969180038,True,1529773233
3969003873,True,1529767426
3968863152,True,1529763429
3968700910,True,1529758813
3968470278,False,1529751414
3968380074,True,1529748119
3968327522,True,1529746203
3968303163,False,1529745240
3968238268,True,1529742881
3968147656,True,1529739515
3968073382,False,1529736641
3967996227,True,1529733411
3967908532,False,1529729214
3967891613,False,1529728347
3967872144,False,1529727310
3967858418,False,1529726592
3967809253,True,1529723780
3967805803,False,1529723583
3967792394,False,1529722911
3967727113,False,1529718610
3967718821,False,1529718044
3967679468,True,1529715062
3967666409,True,1529714021
3967645548,True,1529712306
3967618847,True,1529710089
3967602199,False,1529708411
3967576585,False,1529706351
3967562562,True,1529705317
3967535610,False,1529703348
3967532949,False,1529703127
3967501317,True,1529700522
3967493885,False,1529700086
3967480317,False,1529699337
3967478661,False,1529699306
3967446758,True,1529697545
3967435213,False,1529696995
3967424462,False,1529696318
3967396766,False,1529694886
3967391784,True,1529694647
3967369181,True,1529693541
3967364495,True,1529693413
3967343435,True,1529692294
3967311583,True,1529690827
3967303905,True,1529690542
3967285140,True,1529689669
3967271411,False,1529689174
3967214219,True,1529686692
3967207226,True,1529686455
3967146931,True,1529684128
3967062172,True,1529681406
3967002678,False,1529679496
3966977095,False,1529678715
3966957407,True,1529678067
3966884585,True,1529675990
3966866578,False,1529675616
3966788182,True,1529672838
3966752666,False,1529671771
3966744778,True,1529671488
3966744537,True,1529671758
3966654369,False,1529668302
3966626627,True,1529667416
3966619151,True,1529667036
3966581710,False,1529665805
3966570394,True,1529665278
3966529435,True,1529663513
3966510320,True,1529662769
3966487370,True,1529661737
3966484283,False,1529661720
3966442144,True,1529659859
3966411393,False,1529658463
3966406239,True,1529658395
3966401120,False,1529658024
3966313873,True,1529654067
3966302839,False,1529653478
3966233770,True,1529650083
3966226885,False,1529649765
3966161147,False,1529646236
3966150350,True,1529645444
3966088418,True,1529641645
3966077573,True,1529641105
3966036899,True,1529638345
3966020533,False,1529637006
3965927990,True,1529630008
3965884494,True,1529626059
3965854761,False,1529623342
3965779077,True,1529617132
3965702859,False,1529612247
3965640129,True,1529608742
3965633377,True,1529608273
3965525689,False,1529602946
3965513793,False,1529602408
3965452132,True,1529599687
3965388783,False,1529597019
3965322615,True,1529594522
3965138122,False,1529588653
3965026783,False,1529584972
3964906211,False,1529580746
3964779866,True,1529575645
3964678461,False,1529571227
3964610577,False,1529568056
3964587511,False,1529567163
3964501224,False,1529562571
3964420417,False,1529557940
3964347005,False,1529553394
3964015955,False,1529527623
3963951879,True,1529524041
3963833718,True,1529517802
3963766315,True,1529514677
3963748898,True,1529513983
3963695407,True,1529511676
3963622811,False,1529508966
3963510721,True,1529505283
3963365795,False,1529500670
3963261456,True,1529497123
3963175050,False,1529493843
3963141136,True,1529492533
3963082795,False,1529490182
3962997393,False,1529486506
3962882047,True,1529481203
3962815128,True,1529477771
3962701540,False,1529471603
3962632022,False,1529467163
3962137083,True,1529432275
3962092993,True,1529427843
3962007207,True,1529424091
3961665955,False,1529412354
3961646185,True,1529411711
3961553272,True,1529408348
3961505531,False,1529406392
3961454929,True,1529404383
3961425002,False,1529403133
3961373359,True,1529400750
3961291740,True,1529397334
3961276206,False,1529396244
3961259644,False,1529395432
3961219376,False,1529393413
3961217248,True,1529393328
3961146514,False,1529389413
3961142758,True,1529389147
3961102532,True,1529386803
3961061756,False,1529384332
3961040985,True,1529382882
3961000985,True,1529379917
3960988841,True,1529378915
3960963962,False,1529377084
3960936028,False,1529374761
3960868114,True,1529368599
3960760412,False,1529358946
3960680068,True,1529354219
3960615221,True,1529350204
3960600123,False,1529349683
3960583608,False,1529348591
3945802635,False,1528706439
3945736295,False,1528704055
3944966018,False,1528657772
3944882781,False,1528654265
3944767327,False,1528649723
3944647926,True,1528645629
3944571593,False,1528643145
3944463864,True,1528639872
3944456577,True,1528639708
3944248279,True,1528634203
3944173071,True,1528632158
3944071620,True,1528629264
3944054871,True,1528628784
3943981461,True,1528626064
3943896794,True,1528623256
3943893584,True,1528623153
3943796847,False,1528620015
3943790375,False,1528619812
3943744119,False,1528618589
3943732394,True,1528618011
3943673479,False,1528616020
3943547236,False,1528611743
3943365614,False,1528604858
3943262880,False,1528599447
3943204781,False,1528596023
3942922478,False,1528577617
3942864239,False,1528574858
3942852377,False,1528574260
3942785126,True,1528571330
3942755772,False,1528570124
3942724571,True,1528568826
3942602805,False,1528564385
3942585454,True,1528565076
3942438041,False,1528559163
3942430858,False,1528558930
3942314595,True,1528555541
3942313269,False,1528555423
3942284527,True,1528554556
3942260942,True,1528553828
3942225720,False,1528552998
3942201527,True,1528552181
3942161976,False,1528550878
3942119450,False,1528549573
3942112093,False,1528549355
3942050570,False,1528547493
3942041515,False,1528547272
3941974720,True,1528545205
3941973657,True,1528545305
3941963445,False,1528544767
3941960517,False,1528544661
3941931884,True,1528543620
3941889140,True,1528542187
3941885974,True,1528542110
3941829337,True,1528539873
3941740660,True,1528536467
3941734536,True,1528536290
3941708025,False,1528535313
3941697474,True,1528534939
3941613381,False,1528531808
3941612813,True,1528531785
3941608894,False,1528531620
3941599171,False,1528531370
3941422211,False,1528524417
3941338408,True,1528520723
3941208711,False,1528513985
3941137339,True,1528509632
3940377712,False,1528471720
3940219365,False,1528467330
3938679717,False,1528391196
3938614459,False,1528388702
3938477292,True,1528384086
3938358555,True,1528380549
3937936341,False,1528366120
3937927453,True,1528365883
3937843537,True,1528361996
3937770762,False,1528358614
3937701077,True,1528355337
3937695236,False,1528354819
3937609487,False,1528349671
3937537639,False,1528344834
3937484599,False,1528340871
3937435514,True,1528336909
3937055612,True,1528310285
3936991464,False,1528307430
3936965692,True,1528306341
3936925175,True,1528304662
3936912580,True,1528304262
3936825826,True,1528300900
3936708119,False,1528296773
3936679099,True,1528295855
3936605183,True,1528293737
3936473615,True,1528289453
3936321758,False,1528284156
3936208040,True,1528279684
3936138231,False,1528276805
3936057225,True,1528273460
3936038407,True,1528272422
3935959071,False,1528268698
3935917464,True,1528266623
3935855156,False,1528263284
3935790916,True,1528259584
3935718039,True,1528254810
3935657118,False,1528250414
3935376058,False,1528228600
3935288031,True,1528224283
3935232680,True,1528221834
3935174782,True,1528219364
3935137155,True,1528217884
3934970982,True,1528212033
3934856239,True,1528208496
3934811274,True,1528207026
3934691232,False,1528203406
3934531879,True,1528197952
3934416979,False,1528193379
3934299285,True,1528188148
3934229887,True,1528184838
3934197014,False,1528183116
3934171809,True,1528182000
3934135077,False,1528179788
3934056852,False,1528175171
3933995420,False,1528171422
3933935682,False,1528167129
3933892648,True,1528163971
3933595973,True,1528141845
3933503276,False,1528137315
3933387565,True,1528132311
3933275379,False,1528128019
3933180076,True,1528124852
3932948526,True,1528117909
3932841404,True,1528114575
3932802156,False,1528113193
3932720288,True,1528110197
3932641464,True,1528106876
3932560872,True,1528103529
3932554750,False,1528103153
3932481588,True,1528099913
3932468492,True,1528099272
3932399715,True,1528095937
3932378219,True,1528094782
3932294528,True,1528090107
3932214146,True,1528085149
3932161077,True,1528081436
3932111656,False,1528077679
3931500559,False,1528043566
3931395505,False,1528040095
3931271094,False,1528036462
3931151617,True,1528033032
3931118892,True,1528032444
3930995463,True,1528028648
3930953389,True,1528027713
3930938751,True,1528027017
3930896312,True,1528025613
3930871882,True,1528024850
3930843624,True,1528023964
3930827384,True,1528023604
3930752760,True,1528020825
3930746428,True,1528020615
3930642875,False,1528017150
3930614997,True,1528016251
3930501529,False,1528012449
3930496811,True,1528012291
3930369369,False,1528007711
3930343388,False,1528006754
3930266193,True,1528003587
3930216789,False,1528001425
3930153082,True,1527998321
3930149324,True,1527998114
3930125995,False,1527996850
3930123077,False,1527996693
3930084254,True,1527994528
3930082757,False,1527994442
3930055489,False,1527992878
3930018175,False,1527991319
3930017604,False,1527991288
3930016447,False,1527991223
3929342878,True,1527957791
3929239432,False,1527954690
3929083135,True,1527950430
3929018213,True,1527948598
3928944113,True,1527946608
3928936023,False,1527946342
3928891446,False,1527945411
3928837410,True,1527943594
3928814190,False,1527943083
3928801490,False,1527942539
3928784090,True,1527942151
3928707715,False,1527939718
3928688563,True,1527939033
3928661231,False,1527938091
3928620364,True,1527936738
3928589444,False,1527935654
3928509645,False,1527932764
3928462587,False,1527931102
3928421158,True,1527929750
3928389527,True,1527928542
3928337789,True,1527926691
3928327770,True,1527926378
3928278244,True,1527924494
3928241527,False,1527923242
3928234992,True,1527922866
3928136472,False,1527918615
3928102591,True,1527917123
3928080962,True,1527911537
3928034802,False,1527908827
3928033510,False,1527908754
3928032584,True,1527908700
3928022579,False,1527908147
3927970658,True,1527904932
3927970381,True,1527904915
3927969700,False,1527904873
3927969458,True,1527904857
3927494870,True,1527876715
3927460451,False,1527875287
3927436732,False,1527874433
3927382965,False,1527872475
3927295014,True,1527869607
3927146713,True,1527864169
3927073641,True,1527861969
3927008979,False,1527860172
3926905142,True,1527857105
3926837191,True,1527854980
3926796229,True,1527853646
3926755147,False,1527852203
3926710448,False,1527850555
3926459804,True,1527840582
3926373736,False,1527836878
3925656530,True,1527791428
3925640981,False,1527790795
3925556162,True,1527787382
3925554208,True,1527787417
3925441887,True,1527783429
3925359682,True,1527780633
3925262511,False,1527777729
3925170977,False,1527775289
3925146182,True,1527774599
3924995315,False,1527770436
3924958871,True,1527769312
3924866768,False,1527766220
3924849495,False,1527765707
3924774175,False,1527762998
3924764145,False,1527762704
3924648136,True,1527757971
3923562496,False,1527698934
3923426029,True,1527694202
3923274011,True,1527689759
3923033773,True,1527682897
3922897649,False,1527678332
3921984762,True,1527625438
3921854332,False,1527619137
3921771560,True,1527615606
3921570018,True,1527608454
3921469579,True,1527605370
3921376310,True,1527602736
3921189450,True,1527597517
3921037779,False,1527592484
3920934758,True,1527588550
3920832942,True,1527584472
3919698948,False,1527523924
3919531991,False,1527518855
3919427338,False,1527516080
3919182747,False,1527508922
3919079044,False,1527505386
3918981710,True,1527501526
3918895956,True,1527498003
3918178688,True,1527453929
3918108668,True,1527449946
3918066799,True,1527448182
3917982657,True,1527444412
3917897770,True,1527440602
3917861323,True,1527439172
3917700931,True,1527433842
3917561625,True,1527429939
3917533459,False,1527429448
3917323099,True,1527423444
3917196768,False,1527419667
3917146388,False,1527418147
3917123897,False,1527417567
3917082496,True,1527416063
3917076539,True,1527415843
3916983356,False,1527412932
3916972828,False,1527412616
3916967309,False,1527412402
3916963081,False,1527412326
3916873890,True,1527409532
3916847110,True,1527408675
3916841916,False,1527408562
3916723261,False,1527404713
3916608737,True,1527400681
3916525126,False,1527397417
3915763230,False,1527356626
3915709955,False,1527354888
3915648691,False,1527352931
3915514948,False,1527349136
3915279179,True,1527343117
3915145827,True,1527339680
3914915479,False,1527333306
3914911202,False,1527333146
3914838070,False,1527330717
3914736483,True,1527324094
3914597797,False,1527319482
3914436756,True,1527313635
3914365805,True,1527310715
3914271823,False,1527306401
3914148169,False,1527299615
3914103578,False,1527296593
3914015653,True,1527289774
3913961430,True,1527286025
3913692326,True,1527272416
3913594778,False,1527268793
3913576985,False,1527268027
3913526353,True,1527266373
3913433059,True,1527263346
3913231529,True,1527257827
3913069866,False,1527253520
3912797630,False,1527244753
3912729885,True,1527242143
3912622171,True,1527237841
3912534080,True,1527234187
3912439153,False,1527229907
3912369251,True,1527226438
3912324396,True,1527224075
3911803702,True,1527188052
3911786955,False,1527187312
3911744111,True,1527185470
3911695865,False,1527183390
3911661207,False,1527182064
3911582365,True,1527179071
3911518156,False,1527177214
3911466745,False,1527175283
3911322648,True,1527172348
3911317677,True,1527171071
3911193264,True,1527167722
3911051288,True,1527163608
3911032684,True,1527163020
3910990533,False,1527161616
3910953977,False,1527160301
3910932361,False,1527159507
3910845348,True,1527156100
3910845070,True,1527156088
3910817702,True,1527154995
3910740959,True,1527151824
3910604103,False,1527145878
3910544604,True,1527143061
3910467133,True,1527139193
3910028416,True,1527108659
3910005819,True,1527107282
3909951436,True,1527104269
3909907640,True,1527102058
3909868608,False,1527099951
3909857306,True,1527099390
3909837272,True,1527098546
3909760210,False,1527095378
3909750212,True,1527095013
3909733428,False,1527094348
3909654281,True,1527091498
3909634072,True,1527090826
3909514591,True,1527087180
3909472784,False,1527087684
3909460746,False,1527085685
3909391492,True,1527083822
3909327479,True,1527082105
3909251237,False,1527079985
3909169351,True,1527077525
3909090113,False,1527074850
3909047737,False,1527073297
3908965592,True,1527070024
3908954812,False,1527069585
3908856841,True,1527065517
3908798748,True,1527063069
3908735847,True,1527060254
3908623121,True,1527054798
3908557134,False,1527051931
3907978431,False,1527014119
3907883259,False,1527010239
3907866014,True,1527009478
3907858129,False,1527009187
3907643349,True,1527002113
3907537400,True,1526999137
3907527900,False,1526998893
3907295813,False,1526992929
3907136154,True,1526987915
3907027514,False,1526983885
3906932630,False,1526979970
3906030013,True,1526928063
3905911826,False,1526923257
3905838710,False,1526920711
3905592811,False,1526913288
3905570841,False,1526914125
3905420072,False,1526908909
3905384136,True,1526907992
3905276645,False,1526905112
3905057904,False,1526897785
3904988380,True,1526894984
3903482849,True,1526826536
3903099199,False,1526816781
3902979731,True,1526812027
3902849890,False,1526808377
3902708173,False,1526804150
3902498542,False,1526798171
3902374443,True,1526793397
3902323193,False,1526791366
3902193143,True,1526785932
3902091492,False,1526781322
3902030073,False,1526777369
3901964135,True,1526772812
3901011325,True,1526740924
3900655955,False,1526731116
3900489066,True,1526726508
3900280991,False,1526720258
3900169897,True,1526716717
3899984103,True,1526710482
3899867571,False,1526706074
3899726029,False,1526699885
3899640601,False,1526695914
3899443883,False,1526682461
3899232423,True,1526671156
3899125665,True,1526667057
3899005908,False,1526663050
3898771485,True,1526656426
3898673642,True,1526654095
3898638081,False,1526653332
3898602767,True,1526653835
3898537635,True,1526650791
3898369901,True,1526646972
3898179475,True,1526641717
3898052688,False,1526637585
3897828395,True,1526629671
3897647670,True,1526621762
3897205201,True,1526593999
3897084362,True,1526586924
3897016441,False,1526583814
3896880858,False,1526578450
3896836645,True,1526576870
3896754528,True,1526574141
3896477583,True,1526566862
3896472412,True,1526568564
3895004459,False,1526505302
3894905733,True,1526500188
3894811541,True,1526495970
3894767313,True,1526494202
3894722177,False,1526492550
3894659924,False,1526490298
3894536378,True,1526486458
3894373940,False,1526482248
3894248707,True,1526480547
3894200205,True,1526478322
3894049655,False,1526474848
3893895473,True,1526470719
3893763347,False,1526466952
3893641241,True,1526462129
3893538521,True,1526458262
3893448698,False,1526454843
3893314987,True,1526448956
3893222060,True,1526445273
3893117690,False,1526439711
3893059114,True,1526436416
3892874553,True,1526422283
3892821009,True,1526419095
3892771619,True,1526416288
3892671266,False,1526411756
3892468310,True,1526404212
3892037877,True,1526394546
3891951098,True,1526391156
3891925312,False,1526390670
3891834916,True,1526388504
3891767458,True,1526386834
3891750360,True,1526386366
3891663985,True,1526383958
3891640110,False,1526383240
3891637763,False,1526383098
3891589237,False,1526381742
3891541020,False,1526380396
3891494975,False,1526378382
3891483725,False,1526378448
3891428412,False,1526376114
3891386864,True,1526374629
3891349796,False,1526373028
3891341830,False,1526372951
3891287696,False,1526370650
3891255300,False,1526369535
3891216019,True,1526367922
3891198578,True,1526367064
3891154355,False,1526365417
3891117294,False,1526363888
3891085673,True,1526362181
3891064693,True,1526361344
3891024973,True,1526359806
3891013861,False,1526359105
3890976184,True,1526357489
3890914266,True,1526354350
3890907673,True,1526354017
3890889267,False,1526352889
3890837233,False,1526350012
3890836890,True,1526349778
3890827984,True,1526349580
3890759492,True,1526344792
3890712014,True,1526341463
3890611030,False,1526333593
3890529696,False,1526328873
3890419194,False,1526323951
3889897290,False,1526309336
3889772161,True,1526306079
3889761436,False,1526305789
3889571850,False,1526301595
3889510870,False,1526300051
3889448283,False,1526298696
3889445646,True,1526298401
3889421559,False,1526297735
3889358128,True,1526295812
3889323628,False,1526294713
3889299301,True,1526293839
3889219951,True,1526291082
3889172765,False,1526289445
3889125363,True,1526288028
3889095712,True,1526286519
3889067271,False,1526285701
3889008004,False,1526283291
3888981415,False,1526282134
3888974246,True,1526281990
3888897233,False,1526278826
3888874291,False,1526277799
3888855626,False,1526276988
3888816314,False,1526274957
3888781364,True,1526273421
3888767050,False,1526272935
3888711624,False,1526270540
3888710999,False,1526270232
3888666303,False,1526268147
3888646761,False,1526267029
3888633383,True,1526266245
3888583323,False,1526263450
3888582250,False,1526263511
3888578614,True,1526263448
3888316319,True,1526245368
3888071404,True,1526234769
3887959367,False,1526231130
3887808422,False,1526227586
3887596191,False,1526222674
3887412244,True,1526218824
3887354234,True,1526217792
3887278741,False,1526216178
3887235646,True,1526215212
3887228770,False,1526215130
3885870995,True,1526177706
3885806952,False,1526174648
3885726127,False,1526170199
3884617479,False,1526135338
3884218559,True,1526125651
3884052012,True,1526121567
3883770492,True,1526114067
3883657400,True,1526110967
3883462744,False,1526105398
3883347356,True,1526101814
3883220784,True,1526097476
3881840553,True,1526048965
3881561712,False,1526042596
3881375246,False,1526038000
3881230848,True,1526033814
3881057421,True,1526028002
3880950513,True,1526024220
3880844514,False,1526020204
3880030607,False,1525977733
3879956718,True,1525974982
3879953571,False,1525974809
3879919399,False,1525973598
3879894018,True,1525972768
3879880899,True,1525972308
3879501164,False,1525962482
3879478237,False,1525961286
3878823750,True,1525944793
3878728704,True,1525941741
3878630905,True,1525938507
3878628302,False,1525938414
3878505320,True,1525933675
3878503547,False,1525933604
3878402373,True,1525929523
3878400949,True,1525929463
3878299774,True,1525925288
3878292868,False,1525924983
3878219320,True,1525921447
3878216001,True,1525921292
3877895073,True,1525900159
3877651012,True,1525888621
3877620777,False,1525887558
3877571303,True,1525885856
3877565311,False,1525885633
3877350237,True,1525879577
3877148426,False,1525875404
3877116290,False,1525876681
3877001584,False,1525872241
3876827093,False,1525868318
3876799364,True,1525867645
3876700964,True,1525865050
3876630270,False,1525863056
3876625338,False,1525862904
3876477098,True,1525857837
3876473522,True,1525857720
3876379841,True,1525854673
3876357054,True,1525853941
3876303199,True,1525852052
3876216637,True,1525848867
3876175039,False,1525847278
3876073925,True,1525843048
3876072976,True,1525843005
3875993264,False,1525839321
3875992958,True,1525839303
3875927432,True,1525835494
3875523276,False,1525808771
3875455952,True,1525805780
3875417593,True,1525804206
3875392702,False,1525803295
3875377581,True,1525802636
3875370745,False,1525802406
3875349559,False,1525801572
3875317293,True,1525800435
3875302014,True,1525799852
3875282308,True,1525799195
3875275611,True,1525798936
3875196058,False,1525796388
3875060390,True,1525792650
3874897642,True,1525788905
3874798521,True,1525786701
3874599773,True,1525782103
3873692868,True,1525749068
3873592376,False,1525743259
3873508153,False,1525736417
3873463935,True,1525732406
3873433311,False,1525730095
3872693104,True,1525702437
3872690019,True,1525703970
3871331622,True,1525653471
3871326475,True,1525652838
3871294214,True,1525650203
3871262172,True,1525647510
3871233637,True,1525645567
3871188429,False,1525642603
3871146268,True,1525639810
3870927456,False,1525630621
3870838763,True,1525627763
3870807762,True,1525626684
3870720136,False,1525623599
3870602242,True,1525619948
3870496195,True,1525616996
3870453145,True,1525615956
3870449143,False,1525618057
3870156798,True,1525608964
3870010503,False,1525604949
3869862804,False,1525600704
3868957844,False,1525568090
3868914878,True,1525565473
3868911429,False,1525564767
3868870278,True,1525561530
3868849172,True,1525560286
3868829231,True,1525559069
3868795084,True,1525556634
3868782472,True,1525556220
3868698044,False,1525551699
3868695592,False,1525551537
3868388262,True,1525540154
3868240894,False,1525535765
3868032433,False,1525530320
3868014809,False,1525530234
3868006269,True,1525529892
3867862633,True,1525526074
3867646351,False,1525520093
3867528850,True,1525516537
3867448152,False,1525513737
3867393412,False,1525511842
3866278803,False,1525455499
3866190562,False,1525451922
3866060233,False,1525447481
3865916945,False,1525444811
3865899325,True,1525443633
3865875641,False,1525442301
3865715133,True,1525437600
3865542373,False,1525431761
3865436538,True,1525427010
3864638095,True,1525375386
3864629054,True,1525374910
3864581857,True,1525372423
3864570065,False,1525371832
3864542269,False,1525370458
3864531884,True,1525370029
3864487565,True,1525367997
3864472488,False,1525367334
3864197345,True,1525357899
3864194578,True,1525358045
3862813647,True,1525283296
3862755600,False,1525280824
3862694365,False,1525278196
3862603578,True,1525275083
3862555760,False,1525273121
3862517726,False,1525271891
3862476678,True,1525270678
3862470413,False,1525271483
3862410871,True,1525268682
3862347259,False,1525266913
3862262314,False,1525264014
3862218492,True,1525262687
3862135578,True,1525259748
3862104329,False,1525258525
3862035677,True,1525256084
3861958084,True,1525252438
3861849410,True,1525247709
3861782528,False,1525244398
3861589627,False,1525233541
3861535534,True,1525229872
3861441896,True,1525222507
3861392854,False,1525218320
3861140460,True,1525201578
3861074637,True,1525198519
3861068879,False,1525198167
3861038291,True,1525196759
3861026687,True,1525196265
3860976228,True,1525194150
3860917809,False,1525191944
3860725244,False,1525185100
3860676988,False,1525183597
3860626926,False,1525182047
3860563545,True,1525180123
3860516530,True,1525178972
3860434033,True,1525176140
3860355983,False,1525173505
3860298305,True,1525171489
3860228898,True,1525169128
3860181472,True,1525167535
3860041559,True,1525162851
3859911502,True,1525158124
3859208891,True,1525117934
3859112825,False,1525113251
3859080603,True,1525111754
3859017359,False,1525109242
3858998478,False,1525108401
3858902133,True,1525105144
3858746706,False,1525100139
3858724122,True,1525099552
3858598169,False,1525096027
3858543045,True,1525094479
3858449839,True,1525091404
3858438387,True,1525091128
3858341244,True,1525087559
3858316713,False,1525086745
3858222095,True,1525083041
3858218113,False,1525082761
3858133933,True,1525079330
3858123895,True,1525078883
3858047503,False,1525076087
3857948369,False,1525071766
3857361495,False,1525033874
3857353524,False,1525033460
3857223519,False,1525026807
3857133774,True,1525022756
3856978772,True,1525016883
3856880792,True,1525013527
3856819127,True,1525012381
3856785633,False,1525010409
3856784059,True,1525010678
3856657225,True,1525006326
3856618664,True,1525005268
3856576252,True,1525003708
3856540185,False,1525002560
3856476310,True,1525000036
3856441285,True,1524998861
3856371600,False,1524996053
3856317902,True,1524993942
3856210369,True,1524989742
3856109320,True,1524985698
3855322538,False,1524938786
3855211981,True,1524934545
3855201180,True,1524934051
3855126038,False,1524931204
3855045406,False,1524928339
3854979393,True,1524926127
3854928326,True,1524924652
3854810418,True,1524920704
3854704857,True,1524916938
3854613702,True,1524913393
3854498593,False,1524908164
3854408440,True,1524903956
3854315649,False,1524899468
3853781987,True,1524858869
3853738369,False,1524856288
3853663055,False,1524852231
3853353814,True,1524840535
3852249421,False,1524768648
3852240296,False,1524768278
3852194467,False,1524765943
3852180476,True,1524765069
3852160825,False,1524764102
3852152786,False,1524763747
3852127368,True,1524762564
3851000926,False,1524699317
3850968927,True,1524695764
3850928939,True,1524691931
3850899797,False,1524689529
3850856450,True,1524686291
3850814493,True,1524683425
3850807673,True,1524683039
3850806566,False,1524682954
3850804674,False,1524682845
3850788320,True,1524681880
3850760723,False,1524680288
3850732286,True,1524678796
3850698348,True,1524677120
3850675347,False,1524676043
3850417821,True,1524667480
3850062409,False,1524651027
3850048260,False,1524650278
3849983470,False,1524646602
3849975652,True,1524646393
3849876560,False,1524640433
3849869490,False,1524640166
3849810347,False,1524636179
3849810027,False,1524636052
3849673607,True,1524626010
3849649058,True,1524623891
3849566762,False,1524616403
3849530590,False,1524612483
3849491688,False,1524608522
3849486792,False,1524608095
3849451104,True,1524604754
3849450365,False,1524604707
3849437325,True,1524603599
3849394619,True,1524600311
3849389134,True,1524599880
3849369773,False,1524598440
3849345651,False,1524596820
3849337141,False,1524596358
3849313699,False,1524594977
3849302567,False,1524594367
3849209435,True,1524589821
3849208559,True,1524589797
3849125411,False,1524586038
3848967140,True,1524580174
3848740036,False,1524572442
3848661925,True,1524569258
3848600885,False,1524566173
3848567151,True,1524564569
3848557814,False,1524564028
3848546835,True,1524563375
3848496025,True,1524560604
3848484644,True,1524560081
3848468120,True,1524559009
3848393534,False,1524554873
3848373858,True,1524553685
3848369378,True,1524553217
3848320649,False,1524550044
3848316665,False,1524549840
3848315922,False,1524549787
3848259014,True,1524546319
3848071428,True,1524530390
3848028803,True,1524526065
3847977432,True,1524520759
3847968696,False,1524519921
3847936146,False,1524517192
3847930881,True,1524516819
3847890687,True,1524513923
3847877434,False,1524513108
3847876081,False,1524512939
3847831503,False,1524510294
3847827802,False,1524510131
3847825489,False,1524509958
3847807131,False,1524508916
3847754527,False,1524506157
3847733682,True,1524505160
3847691736,True,1524503163
3847453684,False,1524494447
3847334260,False,1524489455
3847305757,False,1524488456
3847209520,True,1524485080
3847207327,False,1524484846
3847200909,False,1524484446
3847194923,True,1524484698
3847131536,False,1524481732
3847127367,False,1524481354
3847106756,False,1524480486
3847056590,False,1524477543
3847040606,False,1524476694
3847039727,False,1524476671
3847022750,False,1524475861
3846968470,True,1524472680
3846951248,False,1524471726
3846945276,True,1524471507
3846925965,True,1524470854
3846888523,True,1524467981
3846872791,False,1524467212
3846857305,True,1524466016
3846835089,False,1524464548
3846824715,False,1524463853
3846816811,True,1524463401
3846814925,True,1524463364
3846793837,False,1524461723
3846768422,False,1524459944
3846746975,False,1524458382
3846676328,True,1524452922
3846629922,False,1524449092
3846517090,False,1524438246
3846483113,True,1524435103
3846467819,False,1524433823
3846432488,False,1524431084
3846423194,False,1524430436
3846376015,True,1524427396
3846233177,False,1524420027
3846224956,False,1524419571
3846193066,False,1524418227
3846145446,False,1524416089
3846125996,True,1524415370
3846088866,False,1524413787
3846068377,True,1524412945
3846024917,False,1524411297
3845985454,True,1524409865
3845932371,False,1524408068
3845887538,False,1524406962
3845858539,False,1524405733
3845851181,True,1524405474
3845796603,True,1524403776
3845746346,True,1524402432
3845724808,True,1524401504
3845638681,True,1524398707
3845633754,False,1524398544
3845600049,True,1524397371
3845575174,False,1524396475
3845544414,False,1524395351
3845537408,True,1524395091
3845514835,True,1524394266
3845488608,True,1524393262
3845485051,True,1524393126
3845434166,True,1524391182
3845396973,False,1524389873
3845360065,True,1524388393
3845290901,True,1524386212
3845267330,False,1524384940
3845225400,True,1524383355
3845156077,True,1524380811
3845151600,True,1524380465
3845146616,True,1524380261
3845073919,True,1524377511
3845065434,False,1524376826
3845060760,True,1524376618
3844992448,True,1524373883
3844989350,True,1524373238
3844920680,True,1524369486
3844915839,False,1524369473
3844862562,True,1524365995
3844843750,False,1524365992
3844809367,False,1524362585
3844789160,False,1524361170
3844755209,True,1524358601
3844753825,True,1524358490
3844715646,False,1524355143
3844708068,True,1524354478
3844672032,False,1524351445
3844619276,False,1524347497
3844568887,True,1524344352
3844449340,False,1524338290
3844446800,True,1524338215
3844421664,True,1524337069
3844376348,False,1524335070
3844364136,False,1524334553
3844351306,True,1524334068
3844250063,True,1524330358
3844236951,True,1524329916
3844191105,False,1524328291
3844151315,False,1524326898
3844105712,False,1524325552
3844090404,True,1524324964
3844074317,True,1524324405
3843972271,True,1524321273
3843972167,True,1524321276
3843958886,True,1524320896
3843933105,True,1524320222
3843926586,True,1524319863
3843905631,True,1524319226
3843802406,True,1524316075
3843801608,False,1524316052
3843797586,True,1524315942
3843793098,True,1524315818
3843726538,False,1524313604
3843685349,True,1524312230
3843661600,True,1524311563
3843644695,True,1524310899
3843588675,False,1524308836
3843540662,True,1524307033
3843532121,True,1524306785
3843488096,True,1524304904
3843430647,False,1524302530
3843406955,False,1524301562
3843335471,True,1524298616
3843307459,True,1524297455
3843208811,True,1524293270
3843184168,False,1524292060
3843135909,True,1524290413
3843089222,False,1524287416
3842969814,False,1524280455
3842910716,True,1524276579
3842877130,False,1524274099
3842844651,True,1524271353
3842837445,True,1524270702
3842804925,True,1524267557
3842787669,True,1524265896
3842739751,False,1524261737
3842734691,False,1524261343
3842694685,False,1524258436
3842690958,True,1524258180
3842659410,False,1524256165
3842612648,True,1524253480
3842606973,False,1524253210
3842544257,True,1524250023
3842533052,True,1524249414
3842426275,False,1524244559
3842412322,True,1524244010
3842401539,False,1524243526
3842338205,True,1524241030
3842324789,False,1524240537
3842323290,True,1524240521
3842314169,False,1524240148
3842225860,True,1524237081
3842220656,False,1524236866
3842123197,False,1524235615
3842119964,True,1524233572
3842116324,True,1524233579
3842103049,True,1524233037
3842090909,True,1524232642
3842011869,False,1524230060
3841995251,False,1524229500
3841994108,False,1524229495
3841982927,True,1524229088
3841906191,True,1524226305
3841893562,True,1524225817
3841892145,False,1524225764
3841825288,True,1524223113
3841804241,True,1524221967
3841796205,True,1524221581
3841762613,True,1524219954
3841741234,True,1524218872
3841740022,True,1524218809
3841697193,True,1524216566
3841687852,False,1524216065
3841676130,True,1524215453
3841665963,True,1524214905
3841621187,True,1524212559
3841589135,True,1524211112
3841543396,True,1524208246
3841533537,False,1524207829
3841478445,True,1524204246
3841477011,False,1524204092
3840943814,False,1524161336
3840923260,False,1524160234
3840890277,False,1524158825
3840888863,True,1524158732
3840873303,False,1524158088
3840857658,True,1524157306
3840793921,True,1524154446
3840773736,False,1524153926
3840705131,False,1524150906
3840598500,True,1524150313
3840411618,True,1524140613
3840325660,True,1524137034
3840323490,True,1524136975
3840225403,False,1524132128
3840123971,False,1524126493
3840061254,False,1524122861
3839987375,True,1524118240
3839978362,True,1524117649
3839540375,True,1524081081
3839496597,False,1524078411
3839492448,False,1524078223
3839350897,True,1524071064
3839236257,False,1524065940
3839102361,True,1524061656
3839064195,False,1524059982
3839024656,True,1524058351
3838918130,True,1524054539
3838877772,False,1524052965
3838841013,False,1524051445
3838777144,True,1524048559
3838710425,False,1524045275
3838675925,False,1524043520
3838644512,True,1524041900
3838611691,True,1524040210
3838524363,True,1524035507
3838501169,True,1524034231
3838459583,True,1524031522
3838453372,True,1524031248
3838281061,True,1524018465
3838273465,True,1524017834
3837919196,True,1523988856
3837910431,True,1523988350
3837910351,True,1523988345
3837905044,False,1523988068
3837853700,True,1523985528
3837845058,False,1523985086
3837838436,False,1523984807
3837824557,False,1523984258
3837822667,False,1523984022
3837760685,True,1523981281
3837697180,False,1523978630
3837570418,True,1523974052
3837207773,True,1523959440
3837137896,True,1523955658
3837024562,True,1523949186
3836958580,False,1523945008
3836084114,True,1523891116
3835018279,True,1523822979
3834963072,True,1523819767
3834951276,True,1523818999
3834946875,False,1523818988
3834893237,False,1523816287
3834888325,False,1523815866
3834797908,True,1523812120
3834655304,True,1523806492
3834511370,False,1523801431
3834408289,True,1523797786
3834233074,True,1523791993
3834092818,False,1523786593
3834007564,True,1523783269
3833080676,False,1523731787
3832989883,False,1523728513
3832863060,False,1523723445
3832724862,True,1523718745
3832546445,True,1523713350
3832506924,True,1523712646
3832355063,True,1523707209
3832266067,False,1523704134
3832128441,False,1523698571
3831900465,True,1523689506
3831243271,False,1523647380
3831207898,False,1523645384
3831162232,True,1523643407
3831145338,False,1523642958
3831006834,False,1523637058
3830902400,False,1523633755
3830795916,True,1523630699
3830762107,False,1523629010
3830552431,True,1523621959
3830446119,True,1523617293
3830307665,False,1523610278
3830200080,False,1523603981
3829567832,False,1523556287
3829566573,False,1523556186
3829564146,True,1523556827
3829506661,True,1523553369
3829506426,True,1523553459
3829492960,True,1523552688
3829376689,True,1523548482
3829231416,False,1523543272
3829227604,True,1523543513
3829119614,False,1523539475
3828974488,True,1523534283
3828914221,True,1523531298
3828770018,False,1523525597
3828682643,True,1523519585
3828633079,True,1523516868
3828067294,True,1523473360
3828009639,False,1523470287
3827996321,True,1523469589
3827981090,True,1523468837
3827951815,False,1523467447
3827922690,False,1523466120
3827699719,False,1523459756
3827230946,False,1523439620
3827106795,False,1523432178
3827088134,False,1523431100
3827062248,True,1523429782
3827008974,True,1523426456
3826957243,True,1523423122
3826461596,False,1523384060
3826373981,True,1523379847
3826164277,True,1523371516
3826116069,True,1523369888
3825788385,True,1523357751
3825702059,True,1523353339
3825413939,False,1523336567
3825000133,True,1523302386
3824919726,True,1523298051
3824918983,False,1523297968
3824843352,True,1523294242
3824838585,True,1523294091
3824751969,True,1523290212
3824589115,False,1523284093
3824566152,True,1523284691
3824358797,True,1523276188
3824248958,True,1523272078
3824159817,True,1523267717
3824069290,False,1523263550
3823998417,True,1523259291
3823945775,False,1523256369
3823894497,True,1523253248
3823848341,True,1523250105
3823330286,True,1523212144
3823250197,False,1523208557
3823008429,False,1523199257
3822906444,True,1523197542
3822895336,True,1523195885
3822690978,False,1523189265
3822683262,True,1523189003
3822603552,True,1523186142
3822580779,True,1523185509
3822456038,True,1523180401
3822412089,True,1523178647
3822362220,True,1523176623
3822304009,True,1523174286
3822210375,True,1523170089
3822153999,False,1523167433
3822150000,True,1523167236
3822082340,False,1523163980
3821029485,False,1523111715
3820853613,False,1523105583
3820758394,True,1523102290
3820757240,True,1523102278
3820686389,False,1523099229
3820666054,False,1523098840
3820658729,True,1523098448
3820592361,True,1523095349
3820582935,False,1523095048
3820518632,True,1523092290
3820507353,False,1523091722
3820500104,True,1523091424
3820441666,False,1523089068
3820421138,True,1523088282
3820410022,True,1523087510
3820345993,False,1523084627
3820341307,True,1523084289
3820301680,True,1523082445
3820285515,False,1523081739
3820206647,True,1523077593
3820203372,False,1523077391
3820170555,True,1523075077
3820112359,False,1523071086
3820058665,False,1523066812
3819679532,True,1523040354
3819676166,True,1523040217
3819637521,True,1523038421
3819627399,False,1523037948
3819343826,True,1523027444
3819269487,False,1523025244
3819057470,False,1523018418
3819000824,False,1523016400
3818971615,False,1523015204
3818944364,True,1523014037
3818906645,False,1523012527
3818881289,True,1523011366
3818797818,False,1523007220
3818777960,False,1523007250
3818707653,True,1523002953
3818688076,False,1523002213
3818688053,True,1523002153
3818623346,False,1522998940
3818614885,True,1522998826
3818539734,True,1522994525
3818518023,True,1522993119
3818485344,False,1522991225
3818469890,True,1522990070
3818397105,False,1522984888
3818333792,True,1522980006
3817971955,False,1522952917
3817860018,False,1522947959
3817708919,False,1522942112
3817616540,True,1522939005
3817312283,False,1522928179
3817246912,True,1522924837
3817245694,False,1522924815
3817181262,False,1522921503
3817139322,False,1522919303
3817136131,False,1522919379
3817087492,True,1522916787
3817043405,True,1522914463
3816998659,True,1522912557
3816957355,True,1522909847
3816940129,False,1522909008
3816899525,False,1522906435
3816868735,False,1522904753
3816848333,True,1522903121
3816766153,True,1522897406
3816709362,True,1522893102
3816364446,False,1522866096
3816347303,False,1522865282
3816276625,True,1522862086
3816272198,False,1522861897
3816054164,False,1522853659
3816041250,False,1522853691
3815786820,True,1522843934
3815751099,True,1522842273
3815701161,False,1522840177
3815664057,True,1522837883
3815628497,True,1522836062
3815594091,True,1522834184
3815563952,False,1522833250
3815509528,False,1522829637
3815484280,False,1522828261
3815445061,False,1522825989
3815427558,False,1522825158
3815378585,True,1522821451
3815331875,False,1522818179
3815318822,True,1522816847
3815256950,False,1522811618
3815208445,False,1522807179
3814842992,False,1522777493
3814808463,True,1522775927
3814796835,False,1522775398
3814787891,True,1522774967
3814375738,True,1522759715
3814272871,False,1522755955
3814202386,False,1522752222
3814189609,True,1522751541
3814131662,False,1522748831
3814099333,True,1522746540
3814073904,True,1522745099
3814015365,True,1522741733
3814007675,True,1522741197
3813952666,True,1522737740
3813948521,False,1522737466
3813872197,True,1522732135
3813861448,True,1522732395
3813829086,True,1522728902
