3813773851,True,1522724457
3813737784,True,1522721410
3813389678,False,1522694237
3813341450,True,1522691941
3813288345,True,1522689512
3812878037,True,1522674394
3812771972,False,1522670786
3812701961,True,1522667520
3812579458,True,1522661835
3812495690,False,1522657166
3812429618,True,1522653461
3812361519,False,1522649161
3812304070,True,1522645479
3811754440,True,1522606822
3811751944,True,1522606694
3811678974,False,1522603629
3811656843,True,1522602721
3811524201,True,1522597788
3811447459,True,1522595098
3811395746,True,1522593353
3811272637,True,1522589342
3811269198,False,1522589233
3811234964,True,1522588175
3811141827,False,1522585050
3811138840,True,1522584950
3811096708,False,1522584053
3811024255,False,1522580824
3811019779,False,1522580657
3810920238,False,1522576778
3810913865,False,1522576531
3810816945,True,1522572772
3810797045,False,1522571997
3810690114,False,1522567507
3810667407,True,1522566554
3810598478,True,1522563512
3810591728,False,1522563211
3810509929,True,1522559078
3810503944,False,1522558754
3810442630,True,1522555222
3810441732,True,1522555167
3809702325,True,1522514888
3809600554,False,1522511563
3809364271,True,1522504255
3809275744,True,1522501516
3809143765,True,1522497219
3809140344,True,1522497596
3809120660,True,1522496331
3809062947,False,1522494141
3809043369,True,1522493525
3809038898,True,1522493255
3808965597,True,1522490275
3808944568,False,1522489423
3808935775,True,1522489153
3808894481,True,1522487318
3808856253,False,1522485817
3808843431,False,1522485175
3808804800,False,1522483549
3808772340,False,1522482242
3808749687,True,1522481100
3808730315,True,1522480282
3808708910,True,1522479528
3808671269,True,1522477351
3808649092,True,1522476239
3808644045,True,1522476018
3808588717,False,1522472950
3808586208,False,1522472812
3808582132,False,1522472648
3808519940,True,1522468845
3808518879,True,1522468777
3808090244,False,1522439697
3808055508,True,1522438071
3808031362,True,1522437037
3807951641,False,1522433664
3807886122,True,1522431118
3807806892,False,1522428185
3807697230,False,1522424417
3807556991,False,1522420007
3807406439,True,1522415119
3807302582,True,1522411605
3807281273,True,1522410545
3807259050,True,1522409611
3807257804,True,1522409563
3807206616,False,1522407588
3807181073,True,1522406181
3807138658,False,1522404231
3807137726,True,1522404159
3807110470,True,1522402872
3807083615,True,1522401592
3807067611,True,1522400819
3807025985,False,1522398779
3807009514,True,1522398015
3806993715,True,1522397139
3806938549,True,1522394206
3806929208,True,1522393714
3806917465,False,1522393283
3806880107,False,1522390943
3806873564,True,1522390582
3806869329,False,1522390401
3806814955,False,1522387111
3806807674,False,1522386635
3806807387,True,1522386617
3806747614,False,1522382643
3806744443,False,1522382419
3806163768,False,1522343865
3805633343,False,1522324650
3805613071,True,1522323834
3805545412,True,1522320894
3805522795,True,1522319861
3805456168,False,1522316653
3805446809,False,1522316213
3805388478,True,1522313285
3805358214,False,1522311776
3805324477,False,1522310011
3805293296,False,1522308291
3805240127,True,1522305229
3805223928,False,1522304270
3805169331,False,1522300857
3805168942,False,1522300835
3805108868,True,1522296770
3805102807,False,1522296326
3804645776,True,1522262984
3804644044,False,1522262929
3804612521,False,1522261449
3804598818,False,1522260868
3804590830,True,1522260511
3804582798,False,1522260166
3804572084,False,1522259650
3804571244,False,1522259613
3804553315,True,1522258825
3804511036,True,1522257030
3804508509,True,1522256950
3804506737,False,1522256896
3804498241,True,1522256555
3804494197,False,1522256388
3803990937,False,1522238427
3803891018,True,1522234417
3803752673,False,1522228787
3803678753,True,1522224422
3803603488,True,1522180234
3803597762,False,1522180161
3803543329,False,1522176995
3803540992,False,1522176995
3803486084,False,1522174242
3803473688,False,1522174101
3803469261,True,1522173550
3803414904,True,1522170975
3803404875,True,1522170613
3803393565,True,1522170447
3803222530,True,1522163220
3803104015,False,1522159160
3802961222,True,1522154127
3802896840,False,1522151522
3802696862,True,1522142378
3802605624,False,1522137687
3802538398,False,1522134001
3802477343,True,1522130537
3802426172,False,1522127139
3802252037,True,1522114469
3802179711,True,1522107816
3802098268,True,1522100568
3802040885,False,1522097165
3801958647,False,1522092139
3801900267,False,1522089108
3801894328,False,1522089039
3801880115,False,1522088303
3801865211,False,1522087405
3801863423,True,1522087297
3801834263,True,1522086018
3801803761,True,1522084684
3801802637,False,1522084594
3801791484,True,1522084133
3801781271,False,1522083703
3801671774,True,1522079213
3801588862,True,1522076125
3801478320,False,1522072302
3801378099,False,1522068887
3801283916,True,1522065396
3801262157,True,1522064403
3801195958,False,1522061712
3801111941,False,1522058008
3801046217,True,1522054768
3800964744,True,1522050866
3800923005,True,1522048564
3800853079,False,1522044127
3800795067,True,1522040705
3800747092,False,1522037114
3800693596,True,1522033162
3800631018,True,1522028344
3800597548,True,1522025436
3800590820,True,1522024746
3800567499,False,1522022664
3800522560,False,1522018480
3800521259,True,1522018406
3800473379,True,1522014741
3800452827,False,1522013228
3800452307,True,1522013167
3800392434,False,1522009758
3800387684,False,1522009399
3800381475,False,1522008990
3800280235,True,1522004209
3800271761,False,1522003678
3800257242,False,1522003141
3800212093,False,1522001006
3800211255,False,1522001024
3800204811,True,1522000818
3800204587,False,1522000810
3800196303,True,1522000859
3800143731,False,1521998184
3800126677,False,1521997609
3800120344,False,1521997211
3800088418,True,1521996328
3800005418,True,1521992856
3799989013,False,1521992204
3799881311,True,1521988836
3799869808,False,1521988220
3799714212,True,1521983766
3799585019,False,1521979503
3799563720,False,1521978605
3799514671,True,1521976876
3799488753,True,1521975943
3799488387,False,1521975930
3799388962,False,1521972215
3799270780,False,1521968149
3799027889,True,1521958117
3798948689,False,1521954399
3798642199,False,1521934835
3798593636,True,1521931344
3798586839,False,1521931059
3798566623,True,1521929622
3798530951,False,1521927526
3798527448,True,1521927307
3798492582,False,1521925518
3798414115,False,1521921840
3798410405,True,1521921788
3798324393,False,1521918092
3798272648,True,1521915609
3798233744,True,1521914591
3798116566,False,1521910206
3797921919,False,1521903960
3797886824,False,1521903077
3797779580,False,1521899700
3797772127,False,1521899665
3797626663,True,1521894942
3797616005,False,1521894603
3797612930,True,1521894507
3797464295,False,1521889498
3797438076,False,1521888609
3797437150,False,1521888737
3797356155,False,1521885737
3797292047,False,1521883365
3797272581,False,1521882417
3797253665,True,1521881420
3797198581,True,1521879195
3797178901,False,1521878395
3797175156,True,1521878287
3797112718,False,1521875629
3797057590,False,1521873679
3797009380,False,1521871148
3797008538,True,1521871060
3796748710,True,1521855661
3796720311,False,1521853357
3796719492,False,1521853435
3796675902,True,1521849629
3796626813,False,1521845349
3796606528,True,1521843728
3796588899,True,1521842548
3796582875,True,1521842170
3796562622,True,1521840771
3796529751,False,1521838849
3796521781,True,1521839077
3796470902,False,1521835793
3796459525,False,1521834907
3796451752,False,1521834459
3796451352,False,1521834437
3796409885,False,1521832458
3796401358,True,1521832112
3796395042,False,1521831805
3796392358,False,1521831804
3796381162,False,1521831379
3796359654,False,1521830110
3796338881,True,1521829687
3796320182,False,1521828820
3796318963,True,1521828454
3796315981,True,1521828514
3796314223,False,1521828271
3796268587,True,1521826202
3796249554,True,1521825431
3796232528,True,1521825039
3796228740,False,1521824613
3796128008,False,1521820811
3796088320,True,1521819472
3796013772,True,1521816922
3795972513,True,1521815885
3795857405,False,1521811801
3795821915,False,1521811046
3795810143,False,1521810431
3795800335,True,1521809966
3795753791,True,1521808199
3795730639,True,1521807340
3795725017,True,1521807129
3795721743,False,1521807075
3795684739,False,1521805649
3795652426,False,1521804214
3795622964,False,1521802990
3795619812,True,1521802798
3795591566,False,1521802118
3795559077,True,1521799976
3795519841,False,1521798074
3795506971,False,1521797499
3795477852,False,1521796291
3795450326,True,1521794574
3795410349,True,1521792659
3795402681,True,1521792108
3795343638,False,1521788871
3795337808,True,1521788538
3795277813,False,1521785018
3795274204,True,1521785095
3795267796,True,1521784835
3795219012,False,1521781228
3795057051,True,1521768777
3795034881,False,1521766914
3795030153,False,1521766459
3795007358,True,1521764127
3794999480,True,1521763384
3794997140,True,1521763310
3794982027,False,1521761617
3794969688,True,1521760793
3794949692,True,1521758762
3794924119,False,1521756555
3794917053,False,1521755946
3794905288,True,1521754877
3794887472,False,1521753279
3794871734,False,1521752165
3794869690,False,1521752152
3794862312,True,1521751561
3794856789,True,1521751238
3794836522,False,1521750125
3794822281,False,1521749401
3794813617,False,1521748940
3794807532,True,1521748280
3794806851,False,1521748336
3794800154,False,1521747863
3794788676,False,1521747435
3794784138,False,1521746999
3794764327,False,1521746000
3794761938,False,1521746060
3794755873,True,1521745482
3794754570,False,1521745417
3794752195,True,1521745296
3794749157,False,1521745308
3794743131,True,1521744825
3794730726,False,1521744199
3794721842,False,1521743744
3794701400,True,1521742825
3794693716,False,1521742474
3794691968,False,1521742314
3794682870,False,1521742019
3794681701,True,1521741887
3794679729,True,1521741723
3794676404,True,1521741699
3794669782,True,1521741233
3794665551,True,1521741140
3794611755,True,1521738535
3794606339,True,1521738378
3794602477,True,1521738216
3794599724,True,1521737996
3794537388,False,1521735299
3794534855,True,1521735207
3794444729,True,1521731841
3794396846,False,1521730164
3794350908,True,1521728480
3794315872,True,1521727205
3794293773,False,1521726430
3794266373,True,1521725569
3794259391,True,1521725333
3794215242,False,1521723664
3794190380,True,1521723033
3794161408,True,1521721777
3794123687,False,1521720143
3794122883,True,1521720401
3794115876,False,1521720095
3794114018,True,1521719829
3794109188,False,1521719532
3794054355,True,1521717125
3794048000,True,1521716961
3794039729,True,1521716501
3794039372,True,1521716430
3794035781,False,1521716262
3794026128,False,1521715801
3793982981,False,1521713839
3793981078,False,1521713875
3793936123,True,1521711300
3793917036,True,1521710606
3793894671,True,1521709085
3793856517,True,1521707187
3793855547,True,1521707031
3793832743,False,1521705704
3793787438,True,1521703039
3793784398,False,1521703005
3793772223,False,1521702133
3793710236,False,1521698336
3793710118,False,1521698586
3793708269,False,1521698564
3793501170,True,1521682663
3793464185,False,1521679269
3793451317,True,1521678015
3793427923,False,1521675711
3793423480,True,1521675242
3793415092,True,1521674587
3793374615,True,1521670875
3793374014,False,1521670898
3793366409,False,1521670289
3793354627,False,1521669347
3793336491,False,1521667946
3793324845,True,1521667091
3793316773,True,1521666587
3793301872,True,1521665593
3793269879,False,1521663569
3793220334,True,1521660849
3793208559,True,1521660222
3793158720,False,1521657702
3793135633,True,1521656481
3793130699,True,1521656393
3793118017,False,1521655842
3793107731,True,1521655228
3793107418,True,1521655174
3793054331,True,1521652826
3793049672,True,1521652590
3793030149,True,1521651597
3793016477,False,1521650993
3792980344,False,1521649588
3792967638,True,1521649250
3792952841,True,1521648326
3792899771,True,1521646220
3792879713,True,1521645711
3792864612,True,1521644911
3792863090,True,1521644955
3792813426,False,1521643063
3792786249,True,1521642301
3792771961,False,1521641618
3792758016,False,1521641140
3792722654,True,1521639899
3792686513,False,1521638927
3792667056,False,1521638214
3792653077,True,1521637474
3792643522,False,1521637135
3792607962,False,1521635953
3792567798,True,1521634501
3792551699,True,1521633683
3792544900,True,1521633406
3792536722,False,1521633204
3792488819,False,1521631118
3792470612,True,1521630151
3792466130,True,1521629934
3792456688,False,1521630005
3792442906,False,1521628849
3792432088,False,1521628532
3792408186,True,1521627144
3792361808,True,1521624851
3792351765,True,1521624462
3792346089,True,1521624201
3792266015,True,1521620294
3792261655,False,1521620059
3792202162,True,1521617064
3792181219,False,1521615970
3792178308,False,1521615715
3792177620,True,1521615668
3792133576,True,1521613125
3792117569,False,1521612066
3792116483,False,1521612156
3792114444,True,1521612009
3792075166,False,1521609420
3791632341,True,1521573376
3791572947,True,1521570322
3791550987,False,1521569253
3791515445,True,1521567438
3791384064,False,1521561543
3791318860,False,1521559089
3791118194,False,1521549396
3791036266,True,1521545219
3790905870,True,1521539523
3790811189,True,1521535536
3790752033,True,1521529233
3790715012,False,1521526624
3790683463,False,1521525164
3790644714,False,1521522146
3790610537,True,1521519891
3790539885,True,1521514835
3788263049,True,1521390795
3788207664,True,1521388812
3788113746,False,1521385755
3787984510,True,1521381958
3787833470,True,1521378067
3787793545,True,1521376032
3787701913,True,1521373329
3787689572,True,1521372947
3787589291,False,1521369805
3787477054,False,1521366006
3787431816,True,1521364471
3787365356,False,1521362142
3787313735,True,1521360342
3787212636,True,1521356463
3787058134,True,1521349738
3786958899,False,1521344351
3786489735,False,1521316837
3786379725,True,1521313021
3786269063,False,1521308407
3786106535,True,1521303060
3786085689,False,1521302717
3785951130,True,1521298584
3785937563,True,1521298635
3785816471,False,1521294945
3785809696,False,1521295013
3785680460,True,1521291678
3785554522,True,1521286097
3785462740,False,1521281338
3785291298,False,1521274650
3785089541,False,1521266077
3784967649,True,1521259802
3784945327,False,1521258499
3784916640,True,1521256789
3784907866,False,1521256261
3784894222,True,1521255422
3784842431,False,1521252081
3784841338,True,1521252006
3784371467,False,1521224798
3784271006,True,1521221097
3784110246,False,1521215467
3783909813,True,1521209500
3783858375,True,1521207885
3783770082,False,1521205169
3783725197,True,1521203825
3783632893,False,1521200008
3783629450,False,1521199870
3783599263,False,1521199049
3783551872,False,1521196556
3783544088,False,1521196197
3783519246,False,1521195039
3783517334,False,1521194947
3783512721,False,1521195127
3783480887,True,1521193673
3783453253,False,1521191952
3783447476,True,1521191535
3783447329,True,1521191526
3783445648,True,1521191444
3783381318,False,1521188153
3783375043,True,1521187827
3783373555,False,1521188452
3783372403,True,1521187694
3783306560,True,1521184098
3783297209,False,1521183752
3783292575,False,1521183302
3783282607,False,1521182959
3783274152,True,1521182257
3783234769,False,1521180073
3783207155,True,1521178144
3783203719,True,1521177917
3783188809,True,1521176975
3783144649,False,1521174012
3783127740,False,1521172798
3783126806,False,1521172731
3783126198,True,1521172687
3783124580,True,1521172571
3783090410,False,1521169960
3783084376,False,1521169507
3783083001,True,1521169403
3783080529,True,1521169211
3783078056,True,1521169023
3783051055,True,1521166945
3783045532,True,1521166519
3783001838,True,1521162906
3782956510,True,1521158568
3782361548,False,1521126739
3782320158,True,1521125381
3782274424,False,1521123698
3782231357,True,1521122439
3782168668,False,1521120257
3782133995,False,1521118848
3782133816,False,1521118906
3782111910,True,1521118030
3782085905,False,1521117097
3782034378,False,1521115004
3782033688,False,1521114975
3781998272,True,1521113458
3781981150,True,1521112705
3781970869,True,1521112233
3781943140,True,1521110930
3781930972,False,1521110352
3781917114,True,1521109675
3781916923,True,1521109665
3781860981,True,1521106820
3781854643,True,1521106497
3781853775,True,1521106446
3781849233,True,1521106230
3781817196,True,1521104571
3781777845,True,1521102401
3781768615,True,1521101896
3781764502,False,1521101711
3781736064,True,1521100031
3781706342,True,1521098260
3781686906,False,1521097074
3781669004,True,1521095964
3781668655,True,1521095941
3781636310,True,1521093863
3781619865,True,1521092783
3781615535,True,1521092491
3781569096,False,1521089337
3781541662,True,1521087414
3781539822,True,1521087282
3781534918,False,1521086930
3781532208,True,1521086730
3781496374,True,1521083939
3781491949,True,1521083595
3781488024,False,1521083282
3781482163,False,1521082819
3781481911,False,1521082798
3781456589,True,1521080717
3781335278,False,1521068682
3781288924,False,1521064907
3781237780,True,1521061113
3781237629,True,1521061102
3781218221,False,1521059857
3781169655,True,1521057021
3781153058,True,1521056107
3781152765,False,1521056092
3781095550,True,1521053276
3781081511,False,1521052557
3781079765,False,1521052471
3780988779,False,1521048367
3780981821,False,1521048075
3780910858,False,1521045141
3780903796,False,1521044854
3780835795,True,1521042218
3780814016,True,1521041398
3780682151,True,1521036653
3780675922,True,1521036426
3780672749,False,1521036309
3780576941,False,1521032928
3780569464,False,1521032535
3780567216,False,1521032453
3780551983,False,1521031908
3780485823,True,1521029523
3780464763,True,1521028664
3780396739,False,1521025842
3780349967,True,1521023675
3780347464,True,1521023556
3780334499,True,1521022943
3780325101,False,1521022485
3780311009,True,1521021795
3780275838,True,1521020037
3780274749,True,1521019985
3780256955,False,1521019086
3780239446,True,1521018195
3780173955,True,1521014901
3780150423,True,1521013662
3780137912,True,1521012986
3780130077,False,1521012564
3780128734,True,1521012491
3780075814,False,1521009500
3780059114,False,1521008452
3779986175,False,1521003646
3779971785,True,1521002655
3779957371,False,1521001654
3779956843,False,1521001619
3779897880,False,1520997273
3779891824,True,1520996806
3779051877,False,1520950048
3778930653,False,1520946089
3778785911,False,1520941056
3778740149,True,1520939289
3778701169,True,1520937674
3778675303,True,1520936523
3778673705,False,1520936452
3778648375,True,1520935259
3778616962,False,1520933718
3778600176,True,1520932896
3778576021,True,1520931707
3778570125,False,1520931406
3778568236,True,1520931311
3778509007,False,1520928246
3778505177,False,1520928035
3778477843,False,1520926568
3778454768,True,1520925274
3778429888,False,1520923839
3778426484,True,1520923645
3778379300,True,1520920845
3778370478,False,1520920282
3778317263,False,1520916795
3778307502,False,1520916119
3778302593,True,1520915773
3778249892,False,1520912148
3778241468,False,1520911538
3778236706,False,1520911198
3777222389,True,1520850211
3777145560,True,1520846216
3775933971,True,1520776577
3775825168,True,1520772945
3775730294,True,1520769605
3774178327,False,1520697990
3774083100,True,1520694800
3773950827,True,1520690648
3773771562,False,1520685097
3773664713,False,1520681252
3773545008,True,1520676940
3773436674,True,1520672567
3772435351,True,1520616958
3772339381,True,1520613397
3772237673,True,1520609504
3772078989,True,1520604323
3771946947,False,1520599964
3771806416,False,1520594849
3771700231,False,1520590279
3771606255,True,1520586137
3770890637,True,1520540803
3770826200,True,1520536832
3770751583,True,1520533116
3770628434,True,1520527489
3770504769,False,1520522569
3770413282,False,1520519054
3770230446,False,1520514015
3769072510,False,1520447694
3768972838,False,1520443080
3768860674,True,1520438434
3768665017,True,1520431040
3768548189,True,1520426928
3768435440,False,1520422195
3768329633,False,1520417363
3768245969,False,1520412927
3768183941,True,1520409809
3767358224,True,1520353501
3767287818,True,1520350255
3767136890,True,1520344966
3767025456,False,1520340338
3766915400,True,1520335709
3766823904,False,1520331167
3766752458,True,1520327331
3766681094,True,1520323325
3765946065,True,1520270689
3765833999,True,1520265622
3765708885,True,1520260434
3765600224,False,1520256242
3765492612,True,1520252084
3765370823,True,1520246259
3765289061,True,1520242079
3765204718,True,1520236855
3764949572,False,1520219326
3764884555,True,1520214337
3764826814,False,1520209371
3764778600,True,1520205123
3764739548,False,1520201768
3764675159,False,1520197669
3764298763,True,1520179319
3764167820,False,1520174478
3764049023,False,1520170674
3763905209,True,1520165979
3763798613,False,1520162081
3763711443,True,1520158763
3763575506,True,1520154293
3763492629,True,1520150508
3763089954,False,1520130359
3763027660,False,1520125625
3762922157,True,1520117505
3762871002,True,1520114400
3761248482,True,1520048679
3761191870,True,1520045072
3761140807,True,1520041322
3761093569,False,1520037104
3761035234,True,1520032472
3760977296,True,1520028173
3760649937,False,1520011785
3760517861,True,1520006639
3760408738,True,1520002853
3757539172,False,1519843430
3757474964,True,1519840339
3757403284,True,1519837230
3757261652,True,1519831251
3757135331,False,1519826600
3756955527,True,1519819858
3756858897,False,1519815620
3756602954,True,1519802281
3756547236,True,1519798875
3756482970,False,1519794500
3756438579,False,1519791316
3756387403,False,1519787436
3756334764,True,1519783247
3756040870,False,1519759286
3755973799,True,1519755876
3755879132,False,1519751525
3755794202,False,1519747891
3755749109,True,1519746239
3755669137,False,1519742995
3755655282,False,1519742538
3755437100,False,1519734702
3755369031,False,1519731829
3755308684,False,1519729192
3755303868,False,1519729454
3754471069,True,1519672853
3754390995,False,1519669058
3754336016,False,1519666170
3754245602,False,1519662195
3754242856,False,1519662087
3754145708,True,1519658215
3754142536,True,1519658013
3753977090,False,1519652045
3753914502,True,1519649637
3753861466,False,1519647895
3753844424,False,1519646930
3753755920,False,1519643083
3753754353,True,1519643141
3752995051,True,1519590948
3752953932,False,1519588619
3752924491,True,1519587047
3752758474,True,1519579130
3752683273,False,1519575888
3752665676,True,1519575209
3752602284,True,1519572631
3752567123,False,1519571307
3752505318,True,1519568982
3752460849,True,1519567466
3752289431,True,1519561696
3752273869,True,1519561049
3752174849,False,1519557465
3752100218,True,1519554609
3752068728,False,1519553406
3752020349,False,1519551572
3751883985,False,1519546564
3751765196,False,1519541651
3751660699,False,1519536867
3751560699,False,1519531748
3751180345,True,1519505266
3751104948,True,1519501528
3750946886,False,1519494562
3750844055,True,1519490658
3750736836,False,1519486853
3750664437,True,1519484472
3750528473,True,1519480068
3750461499,False,1519477821
3750437087,True,1519477106
3750343882,True,1519473782
3750291133,False,1519471829
3750244771,True,1519470026
3750166533,False,1519466930
3750061978,False,1519462770
3749963820,False,1519458566
3749889831,True,1519455413
3749784344,False,1519450226
3749702820,True,1519445460
3749645021,True,1519441960
3749130082,True,1519408987
3749024236,False,1519404413
3748928380,False,1519400598
3748884521,False,1519399003
3748838786,True,1519397309
3748753530,False,1519394329
3748721558,True,1519393247
3748643394,True,1519390929
3748478558,True,1519384417
3748338054,False,1519378318
3748228440,False,1519373421
3748147583,True,1519369597
3747471332,False,1519324138
3747355056,True,1519318831
3747320300,False,1519317321
3747238582,False,1519313911
3747183006,True,1519311710
3747161687,False,1519310895
3747126700,True,1519309581
3747041770,True,1519306425
3747036211,True,1519306218
3747006714,False,1519305151
3746945388,False,1519302829
3746920165,False,1519302028
3746893613,False,1519300753
3746813031,False,1519297254
3746810544,True,1519297145
3746794999,False,1519296435
3746716547,False,1519292940
3746618899,True,1519288074
3746522928,False,1519283373
3745831943,False,1519235445
3745813369,True,1519234580
3745760706,True,1519232169
3745732943,True,1519230953
3745657452,False,1519227726
3745654838,False,1519227618
3745532996,False,1519222753
3745527313,True,1519222540
3745429518,False,1519218749
3745418286,False,1519218309
3745319965,False,1519214250
3745305291,False,1519213620
3745246720,True,1519210893
3745245550,True,1519210835
3744526729,False,1519161615
3744484565,True,1519158183
3744481509,True,1519158049
3744421491,False,1519154368
3744407716,True,1519153613
3744340908,True,1519150208
3744321987,False,1519149297
3744260553,False,1519146416
3744215830,True,1519144396
3744175111,False,1519142657
3744092341,True,1519139179
3744068304,True,1519138220
3743984381,True,1519134915
3743930304,True,1519132813
3743877987,True,1519130700
3743825941,False,1519128477
3743753906,False,1519125144
3743740299,False,1519124499
3741644727,True,1519008302
3741590763,False,1519003802
3741550782,False,1519000202
3741501183,True,1518995703
3741444889,True,1518991202
3741394019,True,1518987791
3741328461,True,1518984003
3741264263,True,1518980704
3741181825,True,1518976897
3739757965,True,1518913051
3739723097,False,1518910280
3739662492,False,1518906012
3739603045,True,1518902419
3739546341,False,1518899423
3739411104,True,1518893113
3739369960,True,1518891349
3739351236,False,1518890560
3739271795,False,1518887524
3739159697,True,1518883348
3738028911,True,1518831755
3737981699,True,1518827882
3737947819,False,1518824686
3737916874,False,1518821862
3737894748,False,1518820126
3737869130,False,1518818436
3737846062,False,1518816860
3737779148,False,1518813000
3737762956,False,1518812145
3737707928,True,1518809340
3737673751,False,1518807712
3737632573,True,1518805799
3737549741,False,1518802228
3737457089,True,1518798541
3737363061,True,1518795003
3737270331,False,1518791631
3737097183,True,1518785400
3737019853,True,1518782400
3736344849,False,1518746398
3736305415,True,1518743262
3736235021,True,1518736965
3736232654,True,1518736685
3736229638,False,1518736594
3736190853,True,1518733178
3736185979,True,1518732836
3736183515,True,1518732616
3736096126,True,1518728089
3736094749,True,1518728034
3736006946,False,1518724062
3735966321,True,1518721961
3735952238,True,1518721269
3735890256,True,1518718342
3735831348,True,1518715801
3735733433,False,1518711911
3735654637,True,1518708901
3735548678,True,1518705002
3735453513,True,1518701401
3735355214,True,1518697381
3734692413,True,1518659895
3734655305,False,1518656464
3734603868,True,1518651404
3734587547,False,1518649713
3734558051,True,1518646953
3734555704,True,1518646795
3734519213,False,1518643787
3734512925,True,1518643223
3734483281,False,1518640957
3734452171,False,1518638720
3734448170,True,1518638441
3734416293,False,1518636497
3734391289,False,1518635050
3734385216,True,1518634691
3734313871,False,1518631183
3734251213,False,1518628254
3734241054,True,1518627761
3734154416,True,1518624122
3734153775,False,1518624022
3734103965,False,1518621984
3734004763,False,1518618112
3734000042,True,1518618016
3733884597,False,1518613498
3733833447,True,1518611414
3733732454,True,1518606959
3733630388,True,1518601842
3733553724,False,1518597921
3733465363,False,1518593415
3733236237,True,1518579564
3733184849,True,1518575601
3733140495,True,1518572012
3733098824,False,1518568532
3733083930,True,1518566802
3733050365,False,1518563715
3733049775,True,1518563433
3733029761,True,1518561662
3733007049,True,1518559703
3733000957,True,1518559209
3732998631,False,1518559157
3732984976,False,1518558014
3732967137,False,1518556644
3732919489,True,1518553538
3732903940,True,1518552753
3732900390,True,1518552411
3732896575,True,1518552231
3732881151,True,1518551491
3732844064,False,1518549335
3732843215,True,1518549293
3732825745,True,1518548437
3732824588,False,1518548628
3732823916,False,1518548531
3732764995,True,1518545458
3732746829,True,1518545009
3732733388,True,1518544026
3732722669,False,1518543559
3732682368,True,1518541746
3732656934,False,1518540682
3732656683,True,1518540712
3732652594,False,1518540532
3732649375,True,1518540379
3732583031,True,1518537786
3732581038,True,1518537606
3732580100,True,1518537592
3732580015,True,1518537564
3732536334,True,1518535922
3732482415,False,1518533801
3732431608,True,1518531988
3732417346,True,1518531446
3732359324,True,1518529314
3732293676,True,1518526982
3732289956,True,1518526982
3732198939,False,1518523223
3732103476,False,1518519006
3732003237,True,1518514208
3731917725,True,1518510314
3731845800,True,1518507010
3731603683,False,1518493549
3731538324,True,1518489183
3731491920,True,1518485926
3731451651,True,1518482549
3731425502,False,1518480401
3731403031,False,1518478239
3731377991,True,1518475973
3731376121,True,1518475987
3731351761,False,1518473731
3731351021,True,1518473671
3731341055,True,1518472927
3731338977,False,1518472787
3731304761,True,1518470212
3731295105,True,1518469524
3731289049,False,1518469111
3731281689,True,1518468685
3731242786,True,1518466237
3731239363,True,1518466072
3731235940,False,1518465841
3731233058,False,1518465799
3731232594,True,1518465652
3731218834,False,1518464984
3731217253,True,1518464857
3731179895,False,1518462749
3731176900,False,1518462595
3731168784,True,1518462189
3731167554,True,1518462101
3731166555,True,1518462044
3731146890,True,1518461118
3731117923,False,1518459639
3731110624,False,1518459249
3731057144,True,1518456782
3731051117,True,1518456526
3731036301,True,1518455832
3731020690,True,1518455167
3731013884,True,1518454854
3730998033,True,1518454101
3730995386,False,1518454076
3730944912,False,1518451879
3730938517,True,1518451690
3730932967,False,1518451431
3730929413,False,1518451307
3730928311,False,1518451253
3730926599,True,1518451218
3730918753,False,1518450844
3730820985,False,1518447439
3730762746,True,1518445048
3730728371,True,1518443947
3730672202,False,1518442456
3730634628,True,1518440493
3730626579,False,1518440458
3730518922,True,1518436709
3730393519,True,1518430550
3730296359,True,1518426001
3730199865,False,1518420605
3730104499,False,1518415877
3729554717,True,1518376641
3729514817,True,1518374667
3729503818,False,1518374105
3729483414,True,1518373161
3729461055,True,1518372279
3729455348,True,1518371924
3729421187,True,1518370443
3729378232,True,1518368709
3729375418,False,1518368599
3729375074,False,1518368562
3729309863,False,1518366007
3729279992,False,1518365014
3729199752,False,1518362020
3729173760,True,1518361156
3729173317,True,1518361171
3729080281,False,1518358303
3729068104,False,1518357699
3729067755,False,1518357690
3729066074,True,1518357611
3728989466,True,1518355316
3728983111,True,1518355044
3728847156,False,1518350858
3728807427,False,1518349308
3728731167,False,1518346651
3728684398,False,1518344909
3728650239,True,1518343284
3728634400,True,1518342838
3728593019,True,1518341033
3728557456,True,1518339646
3728551673,True,1518339731
3728491951,False,1518337081
3728392923,False,1518333265
3728384664,True,1518332772
3728368597,True,1518332103
3728301485,False,1518329108
3728299076,True,1518328993
3728286918,True,1518328851
3727874831,False,1518302403
3727850834,False,1518300805
3727797045,True,1518297673
3727781526,True,1518296931
3727721650,False,1518293748
3727719816,True,1518293625
3727703510,True,1518292885
3727656049,False,1518290701
3727623271,False,1518289432
3727621121,True,1518289206
3727579168,True,1518287401
3727546662,False,1518286098
3727531860,True,1518285622
3727521844,False,1518285252
3727472178,True,1518283202
3727437727,True,1518281949
3727437725,False,1518282037
3727436768,False,1518281992
3727345726,False,1518278701
3727342152,False,1518278636
3727299885,False,1518277253
3727233461,True,1518274980
3727213360,False,1518274410
3727192072,True,1518273661
3727143661,True,1518272170
3727123365,True,1518271502
3727118629,False,1518271426
3727091340,False,1518270488
3727032277,False,1518268617
3727008936,True,1518267876
3726939588,False,1518265610
3726853742,True,1518262662
3726781784,True,1518260256
3726734507,False,1518258115
3726731416,False,1518257994
3726653648,True,1518254897
3726652331,True,1518254955
3726620028,False,1518253548
3726547842,True,1518250893
3726528982,True,1518249891
3726456244,False,1518246889
3726438159,True,1518246118
3726377899,False,1518243432
3726355525,False,1518242407
3726000224,False,1518220484
3725957451,True,1518217042
3725799456,False,1518207299
3725733102,True,1518204002
3725654314,True,1518200404
3725646115,True,1518200128
3725551931,True,1518196200
3725542671,False,1518195933
3725427180,False,1518191592
3725334681,False,1518188446
3725215500,True,1518184507
3725121185,True,1518181395
3724952736,False,1518175216
3724877694,True,1518171670
3724843987,False,1518170542
3724777748,False,1518167294
3724771450,True,1518166982
3724721277,False,1518164477
3724633570,False,1518159753
3724589042,False,1518157153
3724515136,False,1518152386
3724487448,True,1518150493
3724439574,True,1518146937
3724378815,True,1518142230
3724338154,False,1518138669
3724333126,True,1518138205
3724309934,True,1518136018
3724298267,True,1518134818
3724290630,False,1518134134
3724258894,True,1518130987
3724256858,False,1518130806
3724252193,True,1518130304
3724244064,True,1518129497
3724184297,True,1518124288
3724182823,True,1518124199
3724179139,True,1518123922
3724130832,False,1518120942
3724120332,True,1518120346
3724115897,True,1518120075
3724111801,True,1518120032
3724052925,False,1518116707
3724041564,False,1518116158
3723996197,False,1518113932
3723979971,True,1518113111
3723979382,True,1518113117
3723906928,True,1518109799
3723901029,True,1518109549
3723893616,True,1518109252
3723801358,True,1518105505
3723637559,False,1518099515
3723519981,True,1518095487
3723250429,True,1518085044
3723222255,False,1518083398
3723186444,False,1518081701
3723158237,True,1518080385
3723120097,True,1518078226
3723091461,False,1518076692
3723044097,True,1518074078
3723030748,False,1518073337
3722959946,True,1518069303
3722951085,True,1518068787
3722906978,False,1518066060
3722902826,False,1518065793
3722887034,True,1518064775
3722800663,True,1518058834
3722794275,False,1518058342
3722792782,True,1518058242
3722791470,False,1518058121
3722760700,False,1518055798
3722754744,False,1518055378
3722752545,True,1518055227
3722751759,True,1518055102
3722715550,False,1518052206
3722684335,False,1518049172
3722679172,True,1518048708
3722666399,False,1518047566
3722655225,False,1518046417
3722636786,True,1518044744
3722634632,False,1518044547
3722634432,True,1518044495
3722632741,False,1518044475
3722631777,False,1518044268
3722587648,True,1518040631
3722570407,False,1518039336
3722540859,True,1518037443
3722521199,True,1518036092
3722481481,True,1518033726
3722438989,False,1518031544
3722374171,True,1518028362
3722353831,False,1518027371
3722270511,False,1518023589
3722258475,False,1518023104
3721716925,True,1518002951
3721692412,True,1518002000
3721621273,True,1517998787
3721593113,False,1517997492
3721537717,True,1517994678
3721527098,True,1517994155
3721488616,True,1517992318
3721482323,False,1517991908
3721454906,False,1517990536
3721434576,False,1517989430
3721409644,False,1517988170
3721400155,True,1517987506
3721393269,False,1517987076
3721375314,True,1517986036
3721336855,False,1517983752
3721330146,False,1517983543
3721329328,False,1517983257
3721322815,False,1517982848
3721275270,False,1517979745
3721271683,True,1517979504
3721182706,True,1517973145
3721178198,True,1517972837
3721160767,False,1517971517
3721128063,False,1517968965
3721126516,True,1517968780
3721123668,False,1517968575
3721123290,False,1517968849
3721121514,True,1517968672
3721087907,True,1517965509
3721081282,True,1517965050
3721052781,False,1517962224
3721052106,True,1517962162
3721038672,True,1517960850
3721034914,False,1517960470
3721016993,False,1517959159
3721009147,False,1517958018
3721008860,True,1517958020
3721007519,False,1517957846
3720993829,True,1517956727
3720966536,True,1517954472
3720962058,False,1517954262
3720936686,True,1517952370
3720933536,False,1517952038
3720905322,True,1517950202
3720904708,False,1517950149
3720880088,True,1517948620
3720863064,True,1517947633
3720861253,False,1517947475
3720857596,False,1517947308
3720786831,False,1517943728
3720752480,False,1517942042
3720721599,False,1517940514
3720693563,False,1517939286
3720629676,False,1517936496
3720626997,False,1517936451
3720454569,False,1517929550
3720438448,False,1517928907
3720407710,True,1517927821
3720349476,True,1517925756
3720348650,False,1517925978
3720311686,False,1517924531
3720275115,True,1517923152
3720231023,False,1517921740
3720176854,True,1517919647
3720100931,True,1517916923
3720047617,False,1517914510
3720035210,True,1517913845
3719995059,True,1517912223
3719944922,True,1517909726
3719944756,True,1517909719
3719936011,True,1517909364
3719907365,True,1517908095
3719858828,False,1517905342
3719853924,False,1517905084
3719839932,False,1517904434
3719837735,False,1517904247
3719789185,False,1517901448
3719784225,True,1517901174
3719783272,True,1517901234
3719780221,True,1517901008
3719724830,False,1517897610
3719722188,False,1517897466
3719714274,False,1517897326
3719711384,True,1517896808
3719675657,True,1517894428
3719668104,True,1517893914
3719624658,False,1517890880
3719606567,False,1517889564
3719573937,True,1517887015
3719527599,True,1517883132
3719525556,True,1517882962
3718366519,True,1517824787
3718315529,False,1517822348
3718269135,True,1517820001
3718255333,True,1517819287
3718188897,False,1517815756
3718175478,False,1517815029
3718123883,True,1517812014
3718119192,True,1517811736
3718075175,False,1517808995
3718058924,False,1517807948
3718025277,True,1517805675
3718006971,True,1517804424
3717972200,False,1517801861
3717953775,True,1517800441
3717902640,True,1517796475
3717897640,True,1517796069
3717725048,True,1517781480
3717683836,False,1517778776
3717576922,False,1517772859
3716818051,False,1517745441
3716722821,True,1517742170
3716642134,True,1517739276
3716503818,True,1517734155
3716269301,True,1517725180
3716172156,False,1517720867
3716044674,True,1517713970
3715991149,False,1517710796
3715113464,False,1517669836
3714953219,False,1517665039
3714829316,False,1517661291
3714669164,False,1517655926
3714549210,True,1517651468
3714460796,True,1517648095
3714317072,True,1517642599
3714224218,False,1517638707
3714117760,True,1517633760
3714008269,False,1517627778
3713946952,True,1517624128
3713023478,False,1517579485
3712904364,True,1517575521
3712778240,False,1517570845
3712656854,True,1517565439
3712573013,True,1517561427
3712487457,True,1517557202
3712338559,True,1517548927
3712282967,False,1517545279
3711570473,True,1517500594
3711037338,False,1517481162
3710951598,True,1517477156
3710846471,False,1517472289
3710771742,True,1517468635
3710659933,False,1517462168
3710610589,True,1517458977
3709723688,False,1517408458
3709613803,False,1517404884
3707837161,True,1517315524
3707762562,False,1517312850
3707726922,False,1517311455
3707662295,False,1517308755
3707650816,False,1517308258
3707597338,True,1517305831
3707540564,True,1517303180
3707530236,True,1517302683
3707459284,False,1517299155
3707437548,False,1517298023
3707388510,False,1517295371
3707372440,True,1517294459
3707331899,False,1517292083
3707329868,True,1517291960
3707275385,False,1517288604
3707272855,False,1517288444
3706750531,True,1517251571
3706537979,False,1517242255
3706030379,True,1517224113
3706026141,True,1517223933
3706023426,False,1517223821
3706019326,True,1517223652
3706016966,False,1517223551
3706009212,False,1517223228
3706008232,False,1517223184
3705863949,False,1517216695
3705859009,True,1517216471
3705857653,True,1517216409
3705857310,False,1517216393
3705857187,False,1517216387
3705855701,True,1517216320
3705854447,False,1517216260
3705853085,True,1517216196
3705852980,True,1517216191
3705852148,True,1517216153
3705848597,False,1517215991
3705847089,False,1517215922
3705846624,True,1517215902
3705726014,False,1517209847
3705724459,False,1517209764
3705715618,True,1517209280
3705712757,False,1517209122
3705712712,False,1517209120
3705711312,False,1517209042
3705710116,True,1517208975
3705706500,True,1517208769
3705706467,False,1517208767
3705605759,True,1517202771
3705604413,True,1517202681
3705603969,False,1517202654
3705602359,True,1517202552
3705595484,False,1517202110
3705594566,False,1517202052
3705589961,False,1517201757
3705589914,True,1517201753
3705588311,False,1517201647
3704301780,True,1517139021
3704280890,True,1517138281
3704213670,False,1517135914
3704183534,False,1517134800
3704145122,True,1517133467
3704090247,True,1517131383
3704076954,False,1517130896
3704076062,False,1517130865
3704000717,False,1517128120
3703990795,False,1517127732
3703959697,False,1517126560
3703901282,False,1517124352
3703897055,True,1517124186
3703866531,True,1517123005
3703801826,True,1517120504
3703767157,True,1517119106
3703707578,False,1517116529
3703689468,True,1517115708
3703128605,False,1517082775
3703053428,False,1517079564
3703006019,True,1517077645
3702177241,True,1517051649
3702169128,False,1517051374
3702168219,True,1517051343
3702167650,True,1517051323
3702160038,True,1517051076
3702158907,False,1517051040
3702158759,False,1517051034
3702155843,True,1517050940
3702154891,True,1517050908
3702089496,False,1517048477
3701990702,True,1517044764
3701988580,False,1517044684
3701983489,True,1517044483
3701979073,True,1517044307
3701973442,False,1517044087
3701970887,True,1517043987
3701968674,True,1517043901
3701968605,True,1517043898
3701968510,True,1517043894
3701967356,True,1517043850
3701965086,False,1517043763
3701964649,False,1517043747
3701964488,True,1517043740
3701964034,False,1517043723
3701963855,True,1517043717
3701923243,False,1517042134
3701828795,True,1517038485
3701819317,True,1517038119
3701815840,False,1517037983
3701809095,True,1517037722
3701803926,True,1517037517
3701800177,True,1517037373
3701791769,True,1517037045
3701788611,False,1517036919
3701788039,False,1517036898
3701785889,False,1517036814
3701785195,True,1517036788
3701783974,False,1517036739
3701782291,True,1517036676
3701782288,False,1517036692
3701782257,True,1517036674
3701780333,True,1517036598
3701779425,True,1517036561
3701779209,False,1517036552
3701779001,True,1517036543
3701778950,True,1517036542
3701778586,False,1517036543
3701778427,False,1517036521
3701778249,True,1517036514
3701778041,False,1517036505
3701777937,True,1517036500
3701777456,False,1517036482
3701777244,False,1517036490
3701676339,False,1517032352
3701660850,True,1517031669
3701656856,True,1517031496
3701642552,True,1517030855
3701627402,True,1517030162
3701625333,False,1517030066
3701623077,False,1517029963
3701620660,False,1517029849
3701619280,False,1517029783
3701612591,False,1517029470
3701611664,False,1517029428
3701611442,True,1517029418
3701611390,True,1517029415
3701609928,False,1517029342
3701609125,True,1517029305
3701608281,False,1517029266
3701607145,False,1517029212
3701606868,False,1517029200
3701605185,False,1517029117
3701604989,False,1517029108
3701601752,False,1517028951
3701600106,True,1517028872
3701598810,False,1517028813
3700150918,False,1516963881
3700059851,True,1516959956
3699928943,True,1516954109
3699841826,True,1516949961
3699683464,False,1516941635
3699629974,False,1516938320
3699567414,False,1516934079
3699501022,True,1516929173
3699449676,True,1516924827
3699132368,True,1516904887
3698954506,False,1516897299
3698556611,False,1516883596
3698427295,True,1516878689
3698403352,True,1516877695
3698342712,True,1516874985
3698322743,False,1516874092
3698247222,False,1516870511
3698238849,False,1516870118
3698163097,False,1516866322
3698141876,True,1516865203
3698091718,False,1516862470
3698067186,True,1516861080
3698009748,True,1516857658
3698002964,False,1516857245
3697932551,True,1516852810
3697932209,False,1516852788
3697785916,False,1516842119
3697785896,False,1516842117
3697760916,True,1516839952
3697747088,True,1516838697
3696802285,False,1516794216
3696703002,True,1516790047
3696618477,False,1516786434
3696594852,False,1516785542
3696537358,False,1516783338
3696501908,True,1516781925
3696424993,False,1516778672
3696416896,False,1516778241
3696361086,False,1516775064
3696337562,True,1516773666
3696306464,False,1516771725
3696286347,True,1516770433
3696233055,True,1516766833
3696227516,False,1516766445
3696144436,False,1516760320
3696140633,True,1516760034
3696128956,True,1516759112
3696107224,True,1516757319
3696094481,True,1516756238
3696093941,True,1516756185
3696075547,True,1516754573
3696065961,True,1516753671
3695231259,True,1516712294
3695226002,True,1516712112
3695119172,False,1516708293
3695087532,True,1516707096
3695009268,False,1516703860
3695005031,True,1516703680
3694940772,True,1516700808
3694904506,True,1516699125
3694856512,True,1516696853
3694837394,False,1516695929
3694775908,True,1516692766
3694760597,False,1516691943
3694695589,False,1516688351
3694672680,True,1516687013
3694623523,False,1516684059
3694593671,True,1516682189
3694561853,False,1516680131
3694556228,False,1516679752
3694480947,True,1516674451
3694417111,True,1516669462
3691811839,True,1516540911
3691741506,False,1516538812
3691599036,False,1516534309
3691576813,False,1516533580
3691358047,True,1516525943
3691341015,False,1516525337
3691287542,False,1516523501
3691268989,False,1516522817
3691216356,False,1516520938
3691166931,True,1516519144
3691083265,True,1516515931
3691065336,False,1516515233
3690966823,True,1516510991
3690954503,True,1516510415
3690859058,False,1516505521
3690751201,False,1516499182
3689759042,True,1516456236
3689639574,False,1516452777
3689537419,True,1516449586
3689489578,False,1516448004
3689429619,True,1516445930
3689347829,False,1516442911
3689326591,True,1516442127
3689248514,False,1516439206
3689154086,True,1516435673
3689133031,False,1516434855
3689060595,False,1516432012
3689045549,True,1516431401
3688977118,True,1516428563
3688897611,True,1516424907
3688890236,True,1516424558
3688822000,False,1516421072
3688740865,True,1516416617
3687594391,False,1516364671
3687347650,True,1516354791
3687324275,False,1516353737
3687273483,True,1516351383
3687262459,True,1516350867
3687154463,False,1516345772
3687151809,True,1516345644
3687092089,True,1516342589
3687074915,True,1516341677
3686978852,False,1516336050
3686974255,True,1516335758
3686916657,False,1516331879
3686909192,False,1516331372
3686906814,True,1516331210
3686848827,False,1516327052
3686799589,True,1516323084
3686742741,True,1516318194
3686682034,False,1516313275
3686630652,True,1516309544
3685644944,True,1516270665
3685628039,False,1516269899
3685560533,False,1516266701
3685535433,True,1516265485
3685486157,True,1516263037
3685343126,True,1516255186
3685276900,False,1516251609
3685115403,False,1516239878
3685076750,True,1516236659
3684986226,False,1516229292
3684943864,True,1516226324
3684852071,False,1516220855
3684793516,False,1516217750
3684449466,False,1516202289
3684323149,True,1516197658
3684200927,True,1516193173
3684109077,True,1516189503
3684101075,True,1516189116
3684013735,False,1516185276
3684006781,False,1516184868
3683935248,True,1516181436
3683550012,False,1516157927
3683501311,False,1516153808
3683472944,True,1516151161
3683396689,True,1516144484
3683360294,False,1516142227
3682570224,True,1516107952
3682480065,False,1516104815
3682222007,True,1516094118
3682183854,False,1516092307
3682119944,True,1516089244
3682064889,False,1516086302
3682060385,True,1516086156
3681994910,False,1516082435
3681994430,True,1516082357
3681208490,True,1516034769
3681141101,False,1516032090
3680881614,True,1516022998
3680821604,False,1516020996
3680478729,False,1516007224
3680397726,True,1516003317
3679634396,True,1515956529
3679514334,False,1515951529
3679449489,False,1515949070
3679364182,False,1515945946
3679278012,True,1515943024
3679230675,True,1515941884
3679145662,True,1515938922
3679140650,True,1515938774
3679103220,True,1515937655
3679023543,False,1515935326
3679007953,True,1515934887
3678998528,False,1515934618
3678753509,True,1515927010
3678728544,True,1515926279
3678639422,False,1515923083
3678628664,True,1515922714
3678499502,True,1515918301
3678483649,True,1515917766
3678460398,True,1515916969
3678393628,False,1515914651
3678209761,False,1515907849
3678139094,False,1515904685
3678132805,True,1515904385
3678094603,False,1515902513
3678047013,True,1515900064
3678034354,True,1515899408
3678029613,False,1515899162
3677974897,True,1515896131
3677907381,False,1515892036
3677890174,True,1515890831
3677856633,True,1515888549
3677847089,False,1515887907
3677800159,True,1515884853
3677746184,False,1515881676
3677690788,True,1515878770
3677685722,True,1515878528
3677638871,False,1515876344
3677586745,False,1515874059
3677576150,True,1515873610
3677501971,False,1515870581
3677414099,True,1515867223
3677394414,False,1515866506
3677301188,False,1515863302
3677050954,False,1515855627
3676934192,True,1515852381
3676812659,True,1515849011
3676673244,True,1515844969
3676512775,True,1515839725
3676508429,False,1515839539
3676381500,True,1515834777
3676360699,True,1515833992
3676259793,True,1515830151
3676226845,False,1515828866
3676214450,False,1515828380
3676194461,True,1515827594
3676159227,False,1515826181
3676122030,True,1515824645
3676104193,False,1515823901
3676054407,False,1515821720
3675964141,True,1515817389
3675963021,False,1515817332
3675955251,False,1515816938
3675954887,True,1515816919
3675893375,False,1515813621
3675890755,True,1515813479
3675885360,False,1515813189
3675881358,True,1515812986
3675870776,True,1515812518
3675858008,False,1515811717
3675816262,True,1515809267
3675809741,False,1515808827
3675804527,False,1515808500
3675779844,False,1515806944
3675756821,False,1515805354
3675728032,True,1515803286
3675667881,False,1515798823
3675592634,True,1515794271
3675551460,False,1515791892
3675525406,True,1515790786
3675457589,False,1515787457
3675448553,False,1515786814
3675390208,False,1515784187
3675365749,False,1515783145
3675325224,True,1515781455
3675231320,True,1515777817
3675212117,False,1515777263
3675207479,True,1515777166
3675186584,True,1515776218
3675099734,True,1515773523
3675098526,True,1515773299
3675095710,False,1515773129
3675086930,False,1515772845
3674991077,False,1515769806
3674977685,True,1515769481
3674954033,True,1515768738
3674845306,True,1515765438
3674781537,False,1515763551
3674717392,True,1515761883
3674676931,True,1515760288
3674672285,False,1515760144
3674668790,True,1515760146
3674644465,False,1515759227
3674619231,True,1515758361
3674530057,False,1515755094
3674511155,False,1515754368
3674500189,True,1515753922
3674473753,False,1515752835
3674450456,False,1515751849
3674440157,False,1515751405
3674429691,True,1515750969
3674429258,True,1515750949
3674416810,True,1515750429
3674399684,True,1515749691
3674363710,True,1515748085
3674347563,True,1515747452
3674345427,False,1515747611
3674342436,True,1515747113
3674335325,False,1515746780
3674318913,False,1515746015
3674294888,False,1515744901
3674246053,True,1515742513
3674209274,False,1515740993
3674202561,False,1515740289
3674169059,False,1515738491
3674148943,True,1515737384
3674138469,True,1515736806
3674136979,True,1515737059
3674106773,True,1515734983
3674104180,True,1515734832
3674089192,False,1515733966
3674075756,True,1515733174
3674040330,False,1515731009
3674025041,False,1515730087
3673986808,True,1515727587
3673974926,True,1515726660
3673969546,False,1515726281
3673964759,True,1515725939
3673922353,True,1515722855
3673918084,False,1515722517
3673874368,True,1515718990
3673872461,True,1515718865
3673870809,False,1515718732
3673848348,True,1515716724
3673836937,True,1515715741
3673830518,True,1515715134
3673826529,True,1515714778
3673810304,True,1515713400
3673792593,False,1515711852
3673789772,True,1515711610
3673783451,False,1515711193
3673763737,True,1515709548
3673745148,False,1515708069
3673733716,True,1515707201
3673733442,True,1515707280
3673725612,True,1515706618
3673721028,True,1515706261
3673702603,True,1515705055
3673691377,True,1515704368
3673690513,True,1515704524
3673687191,True,1515704112
3673654779,False,1515702238
3673650821,False,1515702051
3673647411,False,1515702270
3673640339,False,1515701454
3673639687,False,1515701479
3673631946,False,1515700993
3673623945,True,1515700559
3673578605,True,1515698236
3673562182,False,1515697402
3673560465,False,1515697318
3673559508,True,1515697275
3673482405,True,1515693688
3673458470,True,1515692529
3673403923,True,1515690165
3673399279,False,1515689972
3673395323,True,1515690009
3673347054,False,1515687872
3673316176,True,1515686572
3673313769,False,1515686475
3673304751,False,1515686120
3673296002,True,1515685780
3673233182,False,1515683434
3673216575,True,1515682829
3673209217,True,1515682644
3673196949,True,1515682126
3673116420,True,1515679326
3673116079,False,1515679553
3673114744,True,1515679268
3673107545,False,1515679081
3673105024,True,1515678931
3673016341,False,1515675882
3673014367,True,1515676145
3673012387,True,1515675750
3673010508,False,1515675689
3672986849,False,1515675013
3672976384,True,1515674489
3672947533,False,1515673468
3672940388,True,1515673213
3672924338,False,1515672630
3672924105,False,1515672621
3672919546,True,1515672454
3672826266,False,1515669120
3672818831,True,1515668516
3672809710,False,1515668130
3672805308,True,1515668675
3672778781,True,1515666816
3672756009,False,1515665789
3672734100,True,1515665037
3672714189,True,1515663930
3672683657,False,1515662576
3672659134,True,1515661696
3672658215,True,1515661413
3672653744,False,1515661589
3672651683,True,1515661116
3672633878,True,1515660277
3672603895,False,1515658814
3672593060,True,1515658578
3672588819,False,1515658069
3672579698,False,1515658316
3672537429,True,1515655466
3672514696,True,1515654317
3672508211,True,1515653984
3672502687,False,1515654155
3672498245,True,1515653452
3672453927,False,1515651032
3672440405,False,1515650636
3672410305,False,1515648447
3672409976,False,1515648425
3672384363,False,1515646808
3672348114,True,1515644605
3672310612,True,1515642240
3672305221,False,1515641931
3672293940,False,1515641122
3672291583,False,1515640963
3672288667,False,1515640768
3672255445,False,1515638517
3672247774,False,1515637976
3672244579,True,1515637722
3672201078,False,1515634393
3672185917,False,1515633093
3672154057,True,1515630357
3672143301,False,1515629485
3672108573,True,1515626360
3672100804,False,1515625769
3672098681,True,1515625530
3672067427,True,1515623185
3672060578,False,1515622539
3672048053,False,1515622008
3672047164,True,1515621579
3672012925,True,1515619341
3672000740,True,1515618509
3671993486,False,1515618314
3671989102,True,1515617806
3671972452,True,1515616797
3671944623,False,1515615451
3671943525,False,1515615192
3671940724,False,1515614994
3671938083,True,1515614849
3671934932,True,1515614674
3671928906,True,1515614425
3671928080,True,1515614295
3671917413,True,1515613710
3671913791,True,1515613649
3671877610,True,1515611725
3671866265,True,1515611048
3671865669,False,1515611016
3671863641,True,1515610997
3671862656,True,1515611263
3671862496,True,1515610857
3671854956,False,1515610686
3671837416,True,1515609602
3671823596,False,1515609169
3671791914,False,1515607436
3671785906,True,1515607236
3671772446,True,1515606693
3671738470,False,1515604981
3671736557,False,1515604899
3671728965,True,1515604677
3671728686,True,1515604545
3671728565,False,1515604901
3671724133,True,1515604587
3671717076,True,1515604045
3671716982,True,1515604212
3671714947,False,1515604073
3671709539,True,1515603816
3671707905,True,1515603641
3671703294,False,1515603439
3671703106,False,1515603503
3671665937,False,1515601827
3671661767,True,1515601652
3671650558,True,1515601185
3671648827,True,1515601197
3671634756,False,1515600636
3671630924,True,1515600381
3671630575,False,1515600432
3671628132,True,1515600313
3671623557,True,1515600080
3671622540,False,1515600345
3671617722,False,1515600512
3671561032,True,1515597615
3671553991,True,1515597419
3671539575,True,1515596902
3671535496,False,1515596653
3671522180,True,1515596342
3671455981,False,1515594017
3671452478,True,1515593691
3671451565,False,1515593610
3671434452,True,1515593157
3671430511,True,1515592875
3671351618,False,1515590142
3671333941,True,1515589582
3671328138,True,1515589336
3671260457,False,1515586826
3671249370,True,1515586414
3671236550,False,1515586086
3671216561,True,1515585170
3671175172,True,1515583692
3671161784,True,1515583127
3671152960,True,1515582896
3671145779,False,1515582315
3671102093,False,1515580423
3671087160,True,1515580033
3671082529,True,1515579685
3671061970,False,1515578623
3671050897,False,1515578124
3671004560,False,1515576000
3671003756,False,1515575908
3670989334,True,1515575229
3670986336,True,1515575347
3670983643,False,1515574956
3670983261,True,1515575276
3670915410,False,1515571923
3670915406,True,1515571667
3670910709,True,1515571322
3670906487,False,1515571078
3670848008,True,1515567977
3670830153,False,1515566977
3670814208,False,1515565889
3670788423,False,1515564360
3670782779,True,1515564052
3670768568,True,1515562984
3670753957,False,1515562117
3670730423,False,1515560481
3670720184,False,1515559797
3670684368,False,1515557355
3670678570,True,1515557028
3670671475,False,1515556425
3670587205,True,1515550021
3670541925,True,1515546127
3670464891,True,1515539071
3670425494,False,1515535767
3670327145,False,1515529708
3670314015,True,1515528973
3670270379,False,1515526677
3670240370,True,1515525222
3670232622,True,1515525023
3670225184,True,1515524463
3670141108,False,1515520580
3670126295,True,1515519852
3670056060,True,1515516965
3670005141,True,1515514862
3669942202,True,1515512352
3669870441,False,1515509860
3669865768,True,1515509610
3669854923,False,1515509224
3669775605,False,1515506895
3669775093,True,1515506485
3669774665,False,1515506509
3669773993,False,1515506563
3669771534,True,1515506437
3669672435,True,1515503126
3669663527,False,1515502873
3669608386,True,1515500899
3669581323,True,1515500118
3669561629,False,1515499710
3669554370,False,1515498976
3669545110,True,1515498633
3669505748,False,1515497626
3669470453,False,1515495870
3669462612,False,1515495453
3669457967,False,1515495688
3669388238,True,1515493188
3669370205,False,1515491594
3669307939,False,1515488855
3669302018,True,1515488589
3669300900,True,1515488780
3669297328,True,1515488766
3669275546,True,1515487418
3669231416,True,1515485234
3669228773,True,1515485108
3669223136,False,1515484828
3669192418,True,1515483258
3669156467,False,1515481324
3669150756,False,1515481222
3669136916,True,1515480242
3669097495,False,1515478043
3669095658,False,1515477998
3669093471,True,1515477731
3669076622,False,1515477145
3669026454,False,1515474328
3668956508,False,1515469011
3668631785,True,1515445378
3668562177,True,1515441831
3667833474,False,1515413853
3667698112,True,1515409359
3667119344,False,1515377687
3667114915,True,1515377367
3667068640,True,1515373944
3667058965,False,1515373206
3666829657,True,1515358313
3666775743,False,1515355894
3666764398,False,1515355074
3666720817,True,1515353052
3666706475,True,1515352626
3666702405,False,1515352282
3666698105,True,1515352144
3666688038,True,1515351661
3666668099,False,1515350676
3666636720,True,1515349306
3666623074,False,1515348724
3666619731,True,1515348642
3666613384,False,1515348772
3666607897,True,1515348009
3666602503,True,1515347836
3666542496,True,1515345449
3666541967,False,1515345344
3666530133,True,1515344993
3666529082,False,1515344955
3666508579,False,1515343997
3666438256,False,1515341440
3666434044,False,1515341258
3666433628,True,1515341472
3666430052,True,1515341334
3666376627,True,1515339250
3666349184,True,1515338244
3666345336,True,1515338228
3666299454,True,1515336870
3666218561,True,1515334137
3666212178,False,1515333928
3665788523,False,1515320441
3665773985,True,1515320264
3665663557,True,1515315904
3665662407,True,1515316017
3665567565,False,1515312281
3665536042,True,1515311247
3665479564,True,1515309007
3665463695,False,1515308505
3665462466,False,1515308450
3665393185,True,1515305628
3665392361,False,1515305631
3665390743,False,1515305668
3665291631,True,1515301209
3663609201,False,1515231760
3663487741,False,1515227153
3663370749,True,1515222609
3663290427,True,1515219327
3663289947,False,1515219275
3663220984,True,1515216122
3663211527,False,1515215647
3663028747,False,1515205366
3662981276,False,1515202286
3662935948,True,1515198469
3662878267,False,1515194585
3662847963,True,1515192564
3662819875,False,1515190844
3662803647,False,1515189905
3661621609,True,1515147162
3661553040,False,1515144376
3661474899,False,1515141133
3661415665,False,1515138565
3661346789,True,1515135378
3661293356,True,1515132737
3661281715,True,1515132153
3661212159,False,1515128420
3661212127,False,1515128419
3660378428,False,1515082652
3659750395,True,1515061298
3659703845,True,1515059370
3659637001,False,1515056549
3659628386,True,1515056192
3659550542,False,1515052739
3659546120,False,1515052536
3659489112,False,1515049822
3659404960,True,1515045485
3659404443,False,1515045457
3659359036,False,1515042971
3659342482,False,1515042022
3658547529,False,1514995064
3658447169,False,1514991606
3658305495,True,1514987107
3658100750,True,1514980678
3658079366,True,1514979955
3657984800,False,1514976584
3657912267,False,1514973802
3657908283,True,1514973640
3656392742,True,1514900746
3656307892,True,1514898139
3656158506,False,1514893349
3656130160,False,1514892371
3656093068,True,1514891069
3656050304,False,1514889504
3655991306,True,1514887259
3655990173,False,1514887211
3652566829,True,1514727229
3652462277,True,1514723682
3652365180,True,1514720224
3652246616,True,1514715736
3652171681,False,1514712937
3652095797,False,1514710056
3651953614,True,1514704838
3651861333,False,1514701168
3651753968,False,1514696440
3650550187,True,1514641362
3650429298,False,1514637648
3650384922,False,1514636284
3650321987,True,1514634233
3650263497,False,1514632206
3650207780,True,1514630156
3650118352,True,1514626792
3650115872,True,1514626700
3649992380,True,1514622028
3649884906,True,1514617974
3649877258,True,1514617650
3649792531,False,1514614098
3649779997,False,1514613537
3649716522,False,1514610724
3648441969,False,1514553082
3648412850,False,1514552191
3648370072,True,1514550891
3648368905,True,1514550854
3648349476,False,1514550283
3648330522,False,1514549653
3648328827,False,1514549596
3648308636,False,1514548924
3648296345,True,1514548517
3648289730,False,1514548289
3648286019,False,1514548160
3648269082,True,1514547590
3648260378,True,1514547283
3648238949,False,1514546521
3648237877,False,1514546482
3648228981,True,1514546158
3648222831,False,1514545935
3648220093,False,1514545836
3648218753,False,1514545795
3648207536,True,1514545387
3648145085,False,1514543034
3648141420,True,1514542890
3648127505,True,1514542334
3648120341,True,1514542062
3648115900,False,1514541879
3648112735,True,1514541755
3648102395,True,1514541350
3648071453,True,1514540134
3648050679,False,1514539293
3648029515,False,1514538454
3648028907,False,1514538429
3648028599,True,1514538418
3648019591,True,1514538064
3648019279,True,1514538054
3648013482,True,1514537834
3648011651,False,1514537770
3647991638,True,1514536974
3647982349,False,1514536552
3647946324,False,1514535098
3647939257,False,1514534806
3647939004,False,1514534795
3647937453,True,1514534748
3647937392,True,1514534730
3647930637,True,1514534457
3647928888,False,1514534400
3647928720,True,1514534376
3647926917,True,1514534302
3647915956,False,1514533878
3647795308,False,1514528737
3647791710,False,1514528570
3647783913,False,1514528206
3647778639,True,1514527976
3647768108,True,1514527494
3647755791,False,1514526912
3647753136,True,1514526778
3647741185,True,1514526239
3647712173,False,1514524692
3647711346,False,1514524648
3647706913,False,1514524415
3647706011,False,1514524370
3647703764,True,1514524260
3647703281,False,1514524235
3647701253,True,1514524128
3647695587,True,1514523840
3647540006,True,1514515163
3647497329,False,1514512565
3647458895,True,1514509978
3647419400,False,1514507091
3647339234,True,1514501197
3646837375,False,1514477775
3646754011,False,1514474900
3646719394,True,1514473772
3646669830,True,1514472200
3646598609,True,1514469971
3646483357,True,1514466419
3646474418,False,1514466133
3646457921,True,1514465603
3646445461,True,1514465209
3646386713,False,1514463314
3646370949,True,1514462788
3646369559,True,1514462756
3646366663,False,1514462645
3646364616,False,1514462577
3646361167,False,1514462481
3646359348,False,1514462403
3646342095,False,1514461810
3646300726,False,1514460362
3646285637,True,1514459811
3646274731,True,1514459413
3646274300,True,1514459412
3646271113,True,1514459270
3646260397,False,1514458871
3646255696,True,1514458689
3646236367,True,1514457970
3646211762,False,1514457023
3646150195,False,1514454562
3646145676,False,1514454379
3646135014,True,1514453949
3646131421,False,1514453795
3646119281,False,1514453298
3646109109,True,1514452889
3646099986,True,1514452511
3646079879,False,1514451694
3646072262,True,1514451367
3646064788,True,1514451064
3646061184,False,1514450900
3646050979,False,1514450484
3646026301,False,1514449468
3646001255,True,1514448432
3646000468,False,1514448397
3645999262,True,1514448350
3645989424,False,1514447952
3645985083,False,1514447758
3645973494,True,1514447270
3645897909,False,1514443951
3645871227,False,1514442733
3645838910,True,1514441250
3645836417,True,1514441127
3645831365,True,1514440868
3645831118,True,1514440856
3645830077,False,1514440799
3645824814,True,1514440512
3645779717,False,1514438234
3645776236,True,1514438060
3645768949,False,1514437709
3645767061,False,1514437612
3645767044,False,1514437612
3645765965,False,1514437558
3645764836,False,1514437505
3645758637,False,1514437200
3645253619,True,1514406062
3645179241,False,1514402351
3645074085,False,1514397768
3644561694,True,1514380254
3644544762,False,1514379745
3644469262,True,1514377359
3644438898,True,1514376369
3644435794,False,1514376267
3644428678,False,1514376029
3644425604,False,1514375925
3644416439,False,1514375614
3644412549,True,1514375480
3644405968,False,1514375254
3644395341,True,1514374885
3644346186,False,1514373105
3644343683,True,1514373014
3644342205,True,1514372960
3644337592,False,1514372790
3644336308,True,1514372741
3644330765,False,1514372530
3644329130,False,1514372464
3644328738,False,1514372449
3644326464,False,1514372362
3644255583,False,1514369471
3644220759,False,1514368063
3644219151,False,1514367998
3644214723,True,1514367820
3644201809,True,1514367288
3644184556,False,1514366576
3644153941,False,1514365311
3644152080,True,1514365236
3644142514,True,1514364827
3644142317,False,1514364835
3644141025,False,1514364766
3644140383,False,1514364741
3644135720,True,1514364553
3644116050,True,1514363740
3644078918,False,1514362166
3644076190,False,1514362055
3644075422,True,1514362023
3644074385,True,1514361977
3644074112,False,1514361966
3644071800,False,1514361873
3644071744,True,1514361871
3644012704,True,1514359374
3643973651,True,1514357689
3643942774,True,1514356315
3643915368,False,1514355059
3643914528,False,1514355017
3643913607,False,1514354978
3643911774,False,1514354895
3643906774,False,1514354665
3643904795,True,1514354565
3643900838,True,1514354376
3643860346,True,1514352452
3643847966,True,1514351845
3643839919,False,1514351454
3643837911,True,1514351351
3643832942,True,1514351110
3643831988,True,1514351061
3643830768,True,1514351001
3642939859,False,1514303767
3642860320,True,1514301119
3642660577,False,1514295051
3642656405,False,1514294927
3642638356,False,1514294412
3642601426,True,1514293297
3642592570,True,1514293009
3642577208,False,1514292538
3642573704,True,1514292431
3642544469,True,1514291518
3642531089,True,1514291096
3642529338,False,1514291042
3642513624,False,1514290540
3642498674,False,1514290045
3642495324,False,1514289953
3642479181,False,1514289404
3642469167,True,1514289070
3642468585,True,1514289050
3642458018,False,1514288696
3642408736,False,1514286965
3642408093,True,1514286941
3642407474,True,1514286920
3642404000,False,1514286794
3642402437,True,1514286734
3642397206,True,1514286545
3642390015,True,1514286276
3642385579,False,1514286113
3642385442,False,1514286109
3642377948,True,1514285829
3642366014,True,1514285392
3642271700,False,1514281655
3642271570,False,1514281651
3642260467,True,1514281197
3642212436,True,1514279237
3642200793,False,1514278759
3642195403,False,1514278540
3642189380,True,1514278292
3642187569,False,1514278221
3642187057,True,1514278199
3642186942,True,1514278196
3642124832,True,1514275636
3642123074,False,1514275570
3642120576,False,1514275468
3642119881,True,1514275436
3642116437,False,1514275293
3642110500,True,1514275047
3642092697,False,1514274319
3641971670,True,1514269000
3641971288,False,1514268985
3641962538,False,1514268542
3641951650,True,1514268053
3641945978,False,1514267789
3641944490,False,1514267713
3641937705,True,1514267392
3641934557,True,1514267246
3641891483,True,1514265129
3641888367,True,1514264981
3641887334,False,1514264931
3641881754,True,1514264665
3641880360,False,1514264602
3641879602,True,1514264565
3641878274,False,1514264498
3641876882,True,1514264430
3640544505,False,1514203352
3640444617,True,1514199896
3640302701,True,1514194490
3640074584,False,1514185144
3640003551,True,1514182012
3639474594,False,1514148729
3639423154,True,1514146180
3638352455,True,1514111390
3638312745,False,1514110529
3638251992,True,1514107968
3638192973,False,1514105974
3638114412,True,1514103408
3638069035,True,1514102410
3638018728,True,1514100149
3637899101,True,1514095878
3636939097,True,1514049257
3636763898,False,1514043866
3636669963,False,1514041240
3636274306,False,1514029911
3636144457,False,1514025667
3636037139,False,1514021749
3635931169,True,1514017746
3635791585,False,1514013356
3635326955,False,1513988807
3635271322,False,1513984739
3635201303,False,1513980500
3635068051,False,1513973164
3634984542,False,1513969532
3634867419,False,1513965170
3634797251,False,1513962087
3634795371,True,1513962020
3634764783,True,1513961099
3634700372,True,1513958882
3634688743,False,1513958816
3634671662,False,1513957949
3634579245,False,1513955125
3634571038,False,1513954883
3633141188,True,1513886350
3633071499,False,1513883062
3632874675,False,1513874681
3632802094,False,1513872032
3631550859,True,1513826991
3631465419,False,1513823097
3631384820,False,1513819216
3631290049,True,1513812881
3631237053,True,1513808755
3631170863,True,1513804302
3631122820,False,1513801111
3631092813,True,1513799603
3631031732,True,1513796791
3631027855,True,1513796361
3630870775,False,1513789725
3630785115,False,1513786438
3630770808,False,1513786169
3630767989,True,1513785937
3630693484,False,1513783100
3630642076,True,1513781470
3630554282,True,1513778871
3630553740,True,1513779065
3630287614,True,1513771298
3630185831,True,1513767681
3630073327,True,1513763874
3629954267,False,1513759337
3629847571,False,1513755334
3629706160,True,1513750595
3629526650,False,1513742278
3629456251,False,1513738877
3629072228,False,1513713871
3628926889,False,1513707111
3628909744,False,1513706446
3628902549,True,1513706082
3628825569,True,1513702982
3628821541,False,1513702819
3628812143,True,1513702780
3628720949,True,1513699091
3628689072,True,1513698210
3628607459,False,1513695392
3628496070,True,1513692139
3628436489,False,1513690031
3628335903,True,1513687621
3628280559,False,1513685076
3628190458,False,1513681803
3628185735,True,1513681620
3628077239,True,1513677923
3628033899,True,1513675325
3627985030,False,1513673346
3627957845,False,1513672105
3627898766,False,1513669563
3627832659,True,1513666575
3627788899,False,1513664554
3627783951,True,1513664606
3627705231,False,1513660921
3627613231,False,1513657234
3627503357,True,1513652464
3627482767,False,1513651550
3627396911,False,1513647151
3627315453,False,1513642619
3627256039,True,1513638517
3627208936,False,1513635065
3627180542,False,1513633220
3627122862,False,1513629984
3627082055,False,1513627897
3627076405,False,1513627548
3627005916,False,1513624221
3626994744,True,1513623722
3626969000,True,1513622586
3626935725,False,1513621172
3626897440,True,1513619595
3626875680,False,1513618851
3626870137,True,1513618516
3626864204,False,1513618286
3626792749,True,1513615641
3626780225,True,1513615061
3626774539,True,1513614855
3626698786,False,1513612254
3626578063,False,1513608251
3626539172,False,1513607054
3626398167,True,1513602833
3626241595,False,1513597883
3626210150,True,1513597022
3626107606,False,1513592917
3626107136,False,1513592898
3626019824,True,1513589313
3626019428,False,1513589494
3625943232,False,1513586107
3625837366,True,1513581470
3625801090,False,1513579808
3625750231,True,1513577717
3625735522,True,1513576742
3625617392,True,1513570827
3625536941,False,1513566413
3625490002,False,1513563501
3625422067,False,1513559053
3625366950,False,1513555077
3625315335,False,1513551650
3625232006,True,1513546039
3625160730,True,1513542319
3625065137,True,1513538309
3624958444,False,1513533715
3624871133,True,1513530555
3624866965,True,1513530417
3624843844,False,1513530073
3624767481,False,1513527110
3624758649,False,1513526834
3624664162,True,1513523927
3623741265,False,1513497031
3623565988,True,1513491038
3623507506,True,1513493432
3623469709,True,1513487338
3623335987,False,1513481384
3623269690,False,1513478157
3623211832,False,1513475074
3623193404,True,1513474029
3623157792,True,1513471915
3623123807,False,1513469808
3623113848,True,1513469224
3623071584,True,1513466658
3623062792,True,1513466107
3622987122,False,1513462084
3622964324,True,1513460912
3622894827,False,1513457808
3622880958,False,1513457166
3622722921,True,1513451113
3622599446,True,1513446918
3622490608,True,1513443580
3621688879,False,1513422770
3621506073,True,1513417977
3620796674,True,1513389179
3620742450,True,1513385500
3620728551,False,1513384674
3620690455,True,1513382370
3620675836,True,1513381466
3620645873,True,1513379667
3620591660,False,1513376592
3620591352,False,1513376594
3620503169,True,1513372306
3620409478,True,1513368540
3620299194,False,1513364546
3620201501,True,1513361300
3620186568,True,1513360818
3620078284,False,1513357484
3620073152,True,1513357334
3620018376,True,1513355765
3619782429,False,1513349594
3619676702,True,1513346972
3619135931,False,1513331266
3619034137,True,1513327503
3618899720,True,1513322355
3618880315,False,1513321582
3618802738,True,1513318374
3618723806,False,1513317187
3618579401,True,1513307987
3618490596,False,1513303249
3618428334,False,1513299249
3618354768,False,1513294184
3618313643,True,1513290513
3618301428,False,1513289570
3618253113,True,1513286110
3618204345,True,1513283054
3618122365,False,1513278604
3618034898,False,1513274439
3617950074,False,1513270737
3617468057,True,1513253861
3617371930,False,1513250247
3617342730,True,1513249055
3617291947,True,1513246853
3617240543,True,1513244512
3617158025,False,1513240670
3617030294,False,1513234342
3616975948,True,1513231474
3616712080,False,1513215225
3616664521,False,1513211490
3616622623,True,1513207927
3616571379,False,1513203479
3616514538,True,1513199437
3616461072,False,1513196086
3616383122,True,1513192134
3616300576,False,1513188123
3616214571,False,1513184293
3616186121,True,1513182996
3616111237,True,1513179979
3616103558,True,1513179669
3616005509,True,1513176170
3615998321,True,1513175894
3615874526,True,1513171747
3615756108,False,1513168290
3615749696,True,1513167364
3615665801,False,1513164154
3615643032,True,1513163696
3615524717,False,1513158042
3615511131,False,1513157687
3615440788,True,1513154093
3615407596,False,1513152809
3615327037,False,1513148237
3615231138,True,1513142896
3615086416,True,1513133996
3615027714,True,1513129815
3615002069,True,1513127949
3614946185,False,1513123863
3614920826,True,1513121571
3614887781,False,1513118641
3614242648,True,1513094472
3614125097,False,1513091384
3614065884,True,1513089831
3613747750,True,1513081135
3613710378,False,1513079999
3613699810,False,1513079638
3613616381,True,1513076810
3613612954,True,1513076599
3613608393,False,1513076431
3613435094,False,1513069161
3613370711,True,1513066142
3613359709,False,1513065608
3612579485,True,1513021105
3612503229,False,1513017218
3612281988,True,1513007561
3612243578,True,1513006098
3612209263,False,1513004851
3612112543,True,1513001501
3612092971,True,1513000846
3612091795,True,1513000904
3612081641,False,1513000547
3611996423,True,1512997769
3611967418,False,1512996681
3611943363,False,1512995880
3611940851,False,1512995795
3611923997,False,1512995162
3611900808,True,1512994377
3611892519,False,1512994042
3611886197,False,1512993809
3611848408,False,1512992385
3611832899,True,1512991792
3611832768,True,1512991819
3611823768,False,1512991540
3611821313,False,1512991363
3611812538,False,1512991037
3611796157,False,1512990369
3611771541,True,1512989256
3611672664,False,1512984816
3611605897,False,1512981695
3611497819,True,1512976386
3611426854,False,1512972556
3610693347,False,1512928949
3610090295,True,1512910103
3609945974,False,1512905842
3609753657,False,1512899629
3609668686,True,1512897190
3609602443,False,1512894725
3609225559,False,1512881903
3609079759,True,1512875834
3609072682,True,1512875575
3608536186,False,1512846144
3607825764,True,1512824691
3607686965,True,1512820412
3607649129,True,1512818984
3607631172,False,1512818372
3607539060,False,1512815088
3607511920,True,1512814073
3607459375,True,1512812096
3607412308,False,1512810335
3607359766,True,1512808367
3607354345,True,1512808231
3607331394,False,1512807287
3607291192,True,1512805748
3607245106,True,1512803976
3607198017,False,1512802096
3607188587,False,1512801717
3607117170,False,1512798759
3607111763,True,1512798504
3607109048,False,1512798390
3607058622,True,1512796131
3607013095,True,1512793944
3607008645,False,1512793725
3607004657,False,1512793599
3606960358,True,1512791268
3606941562,True,1512790258
3606910502,True,1512788580
3606908270,True,1512788489
3606905955,True,1512788329
3606899396,True,1512787972
3606848244,False,1512785052
3606845837,False,1512784977
3606844457,True,1512784823
3606843421,False,1512784761
3606840339,False,1512784615
3606795232,True,1512781684
3606748098,False,1512778353
3606291834,True,1512754621
3606288595,False,1512754495
3606186282,True,1512750994
3605993530,True,1512744731
3605904713,True,1512742074
3605691617,True,1512735385
3605614743,True,1512732548
3605580580,True,1512731194
3605489927,False,1512727183
3605472318,False,1512726371
3605412047,True,1512723583
3605341105,True,1512720294
3605319407,False,1512719292
3605239055,True,1512715430
3605234811,False,1512715222
3605162043,False,1512711394
3605148046,True,1512710626
3605087164,True,1512707119
3605073008,False,1512706272
3605037754,False,1512704037
3605018496,False,1512702783
3604955649,False,1512698699
3604953487,False,1512698555
3604784137,False,1512685341
3604683167,False,1512678084
3604633219,False,1512675304
3604573184,False,1512672285
3604529561,True,1512670248
3604496126,True,1512668742
3604452755,False,1512666904
3604404512,True,1512664931
3604394059,False,1512664462
3604347506,False,1512662671
3604296148,False,1512660772
3604288382,False,1512660496
3604259855,False,1512659499
3604254884,True,1512659331
3604226039,True,1512658369
3604167428,True,1512656457
3604154093,False,1512656042
3604133002,False,1512655370
3604130372,False,1512655281
3604125136,False,1512655116
3604111159,False,1512654663
3604029158,False,1512652018
3603282282,False,1512618696
3603194362,True,1512613563
3602935494,True,1512593418
3602864046,False,1512589188
3602782074,True,1512585006
3602584681,True,1512576550
3602477945,False,1512572656
3601257918,True,1512509019
3601207912,True,1512505478
3601195207,True,1512504776
3601140676,True,1512501730
3601112761,False,1512500329
3601081227,False,1512498808
3601035960,False,1512496714
3600938402,True,1512492517
3600932877,True,1512492295
3600839020,False,1512488656
3600824212,True,1512488116
3600714278,False,1512484370
3600664054,False,1512482769
3600587680,True,1512480367
3600473808,False,1512476704
3600367875,True,1512472951
3600268027,False,1512468929
3600260853,True,1512468623
3599539660,True,1512426167
3599491980,True,1512422698
3599443362,False,1512419627
3599369195,True,1512415532
3599313405,True,1512412797
3599213762,True,1512408324
3599100793,False,1512403729
3597885373,True,1512346071
3597847217,True,1512342976
3597737981,False,1512335362
3597439978,False,1512321432
3597401325,True,1512319893
3597365857,False,1512318598
3597330165,False,1512317327
3597234172,True,1512313805
3597231102,False,1512313704
3597183902,True,1512312703
3597060489,True,1512308394
3597031137,False,1512307524
3597004766,True,1512306937
3596908634,False,1512304011
3596814111,False,1512301119
3596803540,True,1512300783
3596738926,True,1512298679
3596688904,True,1512296970
3596071607,True,1512274140
3595635564,False,1512248309
3595557830,False,1512244746
3595430302,True,1512239515
3595326728,False,1512235717
3595192440,True,1512231377
3595023144,False,1512226470
3594980863,True,1512225488
3594879358,True,1512222559
3594714448,True,1512218012
3594540805,False,1512212705
3594381943,True,1512207084
3593698834,True,1512177617
3593630615,True,1512172923
3593604599,False,1512170990
3593550538,False,1512167157
3593531837,True,1512165934
3593471736,True,1512162376
3593412291,False,1512159183
3593368959,False,1512156999
3593334179,True,1512156197
3593288991,False,1512153349
3593239494,True,1512151253
3593194086,False,1512149432
3593135264,False,1512147221
3593038122,True,1512143840
3592959842,True,1512141481
3592908941,False,1512139753
3592887792,False,1512139128
3592768996,True,1512135697
3592684930,True,1512133381
3592641601,False,1512131903
3592614727,True,1512130979
3592497127,False,1512127242
3592440441,False,1512124808
3592392708,True,1512122984
3592347071,True,1512120946
3591808202,False,1512092606
3591761696,True,1512089194
3591701983,False,1512084199
3591646812,True,1512080031
3591582076,False,1512075349
3591534483,True,1512072395
3591455566,True,1512068404
3591382652,False,1512065086
3591294705,True,1512061449
3591047372,False,1512053153
3591023467,True,1512052398
3590320919,False,1512025273
3590249042,True,1512021652
3589863624,True,1511997208
3589846811,False,1511995780
3589809063,False,1511992819
3589805823,False,1511992588
3589787703,True,1511991283
3589691006,True,1511985322
3589620382,True,1511981651
3589551110,True,1511978548
3589523352,False,1511977284
3589478011,False,1511975341
3589434725,False,1511973557
